{
	"start":	{
		"connected":	[{
				"socket":	5,
				"local_host":	"192.168.1.150",
				"local_port":	42935,
				"remote_host":	"165.194.35.203",
				"remote_port":	20075
			}],
		"version":	"iperf 3.9",
		"system_info":	"Linux nsl-System-Product-Name 6.8.0-106-generic #106~22.04.1-Ubuntu SMP PREEMPT_DYNAMIC Fri Mar  6 08:44:59 UTC  x86_64",
		"timestamp":	{
			"time":	"Wed, 01 Apr 2026 04:54:20 GMT",
			"timesecs":	1775019260
		},
		"connecting_to":	{
			"host":	"165.194.35.203",
			"port":	20075
		},
		"cookie":	"la3wygzbw6x4cgfjpmgmx6ji7hn6loaw73hs",
		"tcp_mss_default":	1448,
		"sock_bufsize":	0,
		"sndbuf_actual":	16384,
		"rcvbuf_actual":	131072,
		"test_start":	{
			"protocol":	"TCP",
			"num_streams":	1,
			"blksize":	131072,
			"omit":	0,
			"duration":	30,
			"bytes":	0,
			"blocks":	0,
			"reverse":	0,
			"tos":	0
		}
	},
	"intervals":	[{
			"streams":	[{
					"socket":	5,
					"start":	0,
					"end":	1.000175,
					"seconds":	1.0001749992370605,
					"bytes":	5471104,
					"bits_per_second":	43761173.827967234,
					"retransmits":	28,
					"snd_cwnd":	1601488,
					"rtt":	137444,
					"rttvar":	422,
					"pmtu":	1500,
					"omitted":	false,
					"sender":	true
				}],
			"sum":	{
				"start":	0,
				"end":	1.000175,
				"seconds":	1.0001749992370605,
				"bytes":	5471104,
				"bits_per_second":	43761173.827967234,
				"retransmits":	28,
				"omitted":	false,
				"sender":	true
			}
		}, {
			"streams":	[{
					"socket":	5,
					"start":	1.000175,
					"end":	2.000118,
					"seconds":	0.99994301795959473,
					"bytes":	9175040,
					"bits_per_second":	73404502.738340959,
					"retransmits":	75,
					"snd_cwnd":	1865024,
					"rtt":	80389,
					"rttvar":	859,
					"pmtu":	1500,
					"omitted":	false,
					"sender":	true
				}],
			"sum":	{
				"start":	1.000175,
				"end":	2.000118,
				"seconds":	0.99994301795959473,
				"bytes":	9175040,
				"bits_per_second":	73404502.738340959,
				"retransmits":	75,
				"omitted":	false,
				"sender":	true
			}
		}, {
			"streams":	[{
					"socket":	5,
					"start":	2.000118,
					"end":	3.000203,
					"seconds":	1.00008499622345,
					"bytes":	9175040,
					"bits_per_second":	73394081.780225128,
					"retransmits":	57,
					"snd_cwnd":	974504,
					"rtt":	89769,
					"rttvar":	2704,
					"pmtu":	1500,
					"omitted":	false,
					"sender":	true
				}],
			"sum":	{
				"start":	2.000118,
				"end":	3.000203,
				"seconds":	1.00008499622345,
				"bytes":	9175040,
				"bits_per_second":	73394081.780225128,
				"retransmits":	57,
				"omitted":	false,
				"sender":	true
			}
		}, {
			"streams":	[{
					"socket":	5,
					"start":	3.000203,
					"end":	4.000126,
					"seconds":	0.9999229907989502,
					"bytes":	6553600,
					"bits_per_second":	52432837.8109486,
					"retransmits":	68,
					"snd_cwnd":	1610176,
					"rtt":	74695,
					"rttvar":	621,
					"pmtu":	1500,
					"omitted":	false,
					"sender":	true
				}],
			"sum":	{
				"start":	3.000203,
				"end":	4.000126,
				"seconds":	0.9999229907989502,
				"bytes":	6553600,
				"bits_per_second":	52432837.8109486,
				"retransmits":	68,
				"omitted":	false,
				"sender":	true
			}
		}, {
			"streams":	[{
					"socket":	5,
					"start":	4.000126,
					"end":	5.000076,
					"seconds":	0.99994999170303345,
					"bytes":	9175040,
					"bits_per_second":	73403990.8085709,
					"retransmits":	60,
					"snd_cwnd":	1705744,
					"rtt":	89331,
					"rttvar":	435,
					"pmtu":	1500,
					"omitted":	false,
					"sender":	true
				}],
			"sum":	{
				"start":	4.000126,
				"end":	5.000076,
				"seconds":	0.99994999170303345,
				"bytes":	9175040,
				"bits_per_second":	73403990.8085709,
				"retransmits":	60,
				"omitted":	false,
				"sender":	true
			}
		}, {
			"streams":	[{
					"socket":	5,
					"start":	5.000076,
					"end":	6.0001,
					"seconds":	1.0000239610672,
					"bytes":	7864320,
					"bits_per_second":	62913052.536120445,
					"retransmits":	77,
					"snd_cwnd":	1682576,
					"rtt":	90241,
					"rttvar":	785,
					"pmtu":	1500,
					"omitted":	false,
					"sender":	true
				}],
			"sum":	{
				"start":	5.000076,
				"end":	6.0001,
				"seconds":	1.0000239610672,
				"bytes":	7864320,
				"bits_per_second":	62913052.536120445,
				"retransmits":	77,
				"omitted":	false,
				"sender":	true
			}
		}, {
			"streams":	[{
					"socket":	5,
					"start":	6.0001,
					"end":	7.000108,
					"seconds":	1.0000079870224,
					"bytes":	5242880,
					"bits_per_second":	41942705.00267563,
					"retransmits":	134,
					"snd_cwnd":	1497232,
					"rtt":	113254,
					"rttvar":	870,
					"pmtu":	1500,
					"omitted":	false,
					"sender":	true
				}],
			"sum":	{
				"start":	6.0001,
				"end":	7.000108,
				"seconds":	1.0000079870224,
				"bytes":	5242880,
				"bits_per_second":	41942705.00267563,
				"retransmits":	134,
				"omitted":	false,
				"sender":	true
			}
		}, {
			"streams":	[{
					"socket":	5,
					"start":	7.000108,
					"end":	8.000086,
					"seconds":	0.999978005886078,
					"bytes":	5242880,
					"bits_per_second":	41943962.520290017,
					"retransmits":	90,
					"snd_cwnd":	774680,
					"rtt":	118552,
					"rttvar":	2110,
					"pmtu":	1500,
					"omitted":	false,
					"sender":	true
				}],
			"sum":	{
				"start":	7.000108,
				"end":	8.000086,
				"seconds":	0.999978005886078,
				"bytes":	5242880,
				"bits_per_second":	41943962.520290017,
				"retransmits":	90,
				"omitted":	false,
				"sender":	true
			}
		}, {
			"streams":	[{
					"socket":	5,
					"start":	8.000086,
					"end":	9.000111,
					"seconds":	1.0000250339508057,
					"bytes":	6553600,
					"bits_per_second":	52427487.532856241,
					"retransmits":	54,
					"snd_cwnd":	1230800,
					"rtt":	87934,
					"rttvar":	1331,
					"pmtu":	1500,
					"omitted":	false,
					"sender":	true
				}],
			"sum":	{
				"start":	8.000086,
				"end":	9.000111,
				"seconds":	1.0000250339508057,
				"bytes":	6553600,
				"bits_per_second":	52427487.532856241,
				"retransmits":	54,
				"omitted":	false,
				"sender":	true
			}
		}, {
			"streams":	[{
					"socket":	5,
					"start":	9.000111,
					"end":	10.000058,
					"seconds":	0.99994701147079468,
					"bytes":	6553600,
					"bits_per_second":	52431578.272216558,
					"retransmits":	66,
					"snd_cwnd":	1291616,
					"rtt":	178389,
					"rttvar":	726,
					"pmtu":	1500,
					"omitted":	false,
					"sender":	true
				}],
			"sum":	{
				"start":	9.000111,
				"end":	10.000058,
				"seconds":	0.99994701147079468,
				"bytes":	6553600,
				"bits_per_second":	52431578.272216558,
				"retransmits":	66,
				"omitted":	false,
				"sender":	true
			}
		}, {
			"streams":	[{
					"socket":	5,
					"start":	10.000058,
					"end":	11.000101,
					"seconds":	1.0000430345535278,
					"bytes":	6553600,
					"bits_per_second":	52426543.847092532,
					"retransmits":	51,
					"snd_cwnd":	1320576,
					"rtt":	104268,
					"rttvar":	959,
					"pmtu":	1500,
					"omitted":	false,
					"sender":	true
				}],
			"sum":	{
				"start":	10.000058,
				"end":	11.000101,
				"seconds":	1.0000430345535278,
				"bytes":	6553600,
				"bits_per_second":	52426543.847092532,
				"retransmits":	51,
				"omitted":	false,
				"sender":	true
			}
		}, {
			"streams":	[{
					"socket":	5,
					"start":	11.000101,
					"end":	12.000091,
					"seconds":	0.99998998641967773,
					"bytes":	3932160,
					"bits_per_second":	31457595.003154308,
					"retransmits":	31,
					"snd_cwnd":	893416,
					"rtt":	148733,
					"rttvar":	1246,
					"pmtu":	1500,
					"omitted":	false,
					"sender":	true
				}],
			"sum":	{
				"start":	11.000101,
				"end":	12.000091,
				"seconds":	0.99998998641967773,
				"bytes":	3932160,
				"bits_per_second":	31457595.003154308,
				"retransmits":	31,
				"omitted":	false,
				"sender":	true
			}
		}, {
			"streams":	[{
					"socket":	5,
					"start":	12.000091,
					"end":	13.000085,
					"seconds":	0.99999397993087769,
					"bytes":	6553600,
					"bits_per_second":	52429115.6269001,
					"retransmits":	91,
					"snd_cwnd":	1256864,
					"rtt":	78766,