{
	"start":	{
		"connected":	[{
				"socket":	5,
				"local_host":	"192.168.1.150",
				"local_port":	48821,
				"remote_host":	"165.194.35.203",
				"remote_port":	20075
			}],
		"version":	"iperf 3.9",
		"system_info":	"Linux nsl-System-Product-Name 6.8.0-106-generic #106~22.04.1-Ubuntu SMP PREEMPT_DYNAMIC Fri Mar  6 08:44:59 UTC  x86_64",
		"timestamp":	{
			"time":	"Tue, 31 Mar 2026 08:16:34 GMT",
			"timesecs":	1774944994
		},
		"connecting_to":	{
			"host":	"165.194.35.203",
			"port":	20075
		},
		"cookie":	"isjmhplwf4nuqegx6a4hhf22ufi5564taqej",
		"tcp_mss_default":	1448,
		"sock_bufsize":	0,
		"sndbuf_actual":	16384,
		"rcvbuf_actual":	131072,
		"test_start":	{
			"protocol":	"TCP",
			"num_streams":	1,
			"blksize":	131072,
			"omit":	0,
			"duration":	30,
			"bytes":	0,
			"blocks":	0,
			"reverse":	0,
			"tos":	0
		}
	},
	"intervals":	[{
			"streams":	[{
					"socket":	5,
					"start":	0,
					"end":	1.000118,
					"seconds":	1.0001180171966553,
					"bytes":	5463584,
					"bits_per_second":	43703514.233766146,
					"retransmits":	16,
					"snd_cwnd":	1749184,
					"rtt":	84468,
					"rttvar":	363,
					"pmtu":	1500,
					"omitted":	false,
					"sender":	true
				}],
			"sum":	{
				"start":	0,
				"end":	1.000118,
				"seconds":	1.0001180171966553,
				"bytes":	5463584,
				"bits_per_second":	43703514.233766146,
				"retransmits":	16,
				"omitted":	false,
				"sender":	true
			}
		}, {
			"streams":	[{
					"socket":	5,
					"start":	1.000118,
					"end":	2.000126,
					"seconds":	1.0000079870224,
					"bytes":	7864320,
					"bits_per_second":	62914057.504013449,
					"retransmits":	32,
					"snd_cwnd":	1615968,
					"rtt":	120113,
					"rttvar":	945,
					"pmtu":	1500,
					"omitted":	false,
					"sender":	true
				}],
			"sum":	{
				"start":	1.000118,
				"end":	2.000126,
				"seconds":	1.0000079870224,
				"bytes":	7864320,
				"bits_per_second":	62914057.504013449,
				"retransmits":	32,
				"omitted":	false,
				"sender":	true
			}
		}, {
			"streams":	[{
					"socket":	5,
					"start":	2.000126,
					"end":	3.000093,
					"seconds":	0.99996697902679443,
					"bytes":	9175040,
					"bits_per_second":	73402743.8300372,
					"retransmits":	52,
					"snd_cwnd":	1598592,
					"rtt":	88270,
					"rttvar":	539,
					"pmtu":	1500,
					"omitted":	false,
					"sender":	true
				}],
			"sum":	{
				"start":	2.000126,
				"end":	3.000093,
				"seconds":	0.99996697902679443,
				"bytes":	9175040,
				"bits_per_second":	73402743.8300372,
				"retransmits":	52,
				"omitted":	false,
				"sender":	true
			}
		}, {
			"streams":	[{
					"socket":	5,
					"start":	3.000093,
					"end":	4.000236,
					"seconds":	1.0001430511474609,
					"bytes":	7864320,
					"bits_per_second":	62905561.287276179,
					"retransmits":	44,
					"snd_cwnd":	1630448,
					"rtt":	73504,
					"rttvar":	875,
					"pmtu":	1500,
					"omitted":	false,
					"sender":	true
				}],
			"sum":	{
				"start":	3.000093,
				"end":	4.000236,
				"seconds":	1.0001430511474609,
				"bytes":	7864320,
				"bits_per_second":	62905561.287276179,
				"retransmits":	44,
				"omitted":	false,
				"sender":	true
			}
		}, {
			"streams":	[{
					"socket":	5,
					"start":	4.000236,
					"end":	5.000329,
					"seconds":	1.0000929832458496,
					"bytes":	7864320,
					"bits_per_second":	62908710.543901414,
					"retransmits":	37,
					"snd_cwnd":	1650720,
					"rtt":	89696,
					"rttvar":	727,
					"pmtu":	1500,
					"omitted":	false,
					"sender":	true
				}],
			"sum":	{
				"start":	4.000236,
				"end":	5.000329,
				"seconds":	1.0000929832458496,
				"bytes":	7864320,
				"bits_per_second":	62908710.543901414,
				"retransmits":	37,
				"omitted":	false,
				"sender":	true
			}
		}, {
			"streams":	[{
					"socket":	5,
					"start":	5.000329,
					"end":	6.000083,
					"seconds":	0.999754011631012,
					"bytes":	6553600,
					"bits_per_second":	52441700.048261829,
					"retransmits":	37,
					"snd_cwnd":	1623208,
					"rtt":	81932,
					"rttvar":	364,
					"pmtu":	1500,
					"omitted":	false,
					"sender":	true
				}],
			"sum":	{
				"start":	5.000329,
				"end":	6.000083,
				"seconds":	0.999754011631012,
				"bytes":	6553600,
				"bits_per_second":	52441700.048261829,
				"retransmits":	37,
				"omitted":	false,
				"sender":	true
			}
		}, {
			"streams":	[{
					"socket":	5,
					"start":	6.000083,
					"end":	7.000288,
					"seconds":	1.0002050399780273,
					"bytes":	7864320,
					"bits_per_second":	62901662.6444735,
					"retransmits":	54,
					"snd_cwnd":	1536328,
					"rtt":	84733,
					"rttvar":	916,
					"pmtu":	1500,
					"omitted":	false,
					"sender":	true
				}],
			"sum":	{
				"start":	6.000083,
				"end":	7.000288,
				"seconds":	1.0002050399780273,
				"bytes":	7864320,
				"bits_per_second":	62901662.6444735,
				"retransmits":	54,
				"omitted":	false,
				"sender":	true
			}
		}, {
			"streams":	[{
					"socket":	5,
					"start":	7.000288,
					"end":	8.000103,
					"seconds":	0.99981498718261719,
					"bytes":	6553600,
					"bits_per_second":	52438501.794956416,
					"retransmits":	32,
					"snd_cwnd":	1448000,
					"rtt":	89642,
					"rttvar":	1048,
					"pmtu":	1500,
					"omitted":	false,
					"sender":	true
				}],
			"sum":	{
				"start":	7.000288,
				"end":	8.000103,
				"seconds":	0.99981498718261719,
				"bytes":	6553600,
				"bits_per_second":	52438501.794956416,
				"retransmits":	32,
				"omitted":	false,
				"sender":	true
			}
		}, {
			"streams":	[{
					"socket":	5,
					"start":	8.000103,
					"end":	9.000227,
					"seconds":	1.0001239776611328,
					"bytes":	6553600,
					"bits_per_second":	52422300.8057549,
					"retransmits":	41,
					"snd_cwnd":	1369808,
					"rtt":	84071,
					"rttvar":	1074,
					"pmtu":	1500,
					"omitted":	false,
					"sender":	true
				}],
			"sum":	{
				"start":	8.000103,
				"end":	9.000227,
				"seconds":	1.0001239776611328,
				"bytes":	6553600,
				"bits_per_second":	52422300.8057549,
				"retransmits":	41,
				"omitted":	false,
				"sender":	true
			}
		}, {
			"streams":	[{
					"socket":	5,
					"start":	9.000227,
					"end":	10.000227,
					"seconds":	1,
					"bytes":	7864320,
					"bits_per_second":	62914560,
					"retransmits":	56,
					"snd_cwnd":	1456688,
					"rtt":	98771,
					"rttvar":	1789,
					"pmtu":	1500,
					"omitted":	false,
					"sender":	true
				}],
			"sum":	{
				"start":	9.000227,
				"end":	10.000227,
				"seconds":	1,
				"bytes":	7864320,
				"bits_per_second":	62914560,
				"retransmits":	56,
				"omitted":	false,
				"sender":	true
			}
		}, {
			"streams":	[{
					"socket":	5,
					"start":	10.000227,
					"end":	11.000161,
					"seconds":	0.99993401765823364,
					"bytes":	7864320,
					"bits_per_second":	62918711.523927271,
					"retransmits":	39,
					"snd_cwnd":	1442208,
					"rtt":	95810,
					"rttvar":	517,
					"pmtu":	1500,
					"omitted":	false,
					"sender":	true
				}],
			"sum":	{
				"start":	10.000227,
				"end":	11.000161,
				"seconds":	0.99993401765823364,
				"bytes":	7864320,
				"bits_per_second":	62918711.523927271,
				"retransmits":	39,
				"omitted":	false,
				"sender":	true
			}
		}, {
			"streams":	[{
					"socket":	5,
					"start":	11.000161,
					"end":	12.000147,
					"seconds":	0.99998599290847778,
					"bytes":	7864320,
					"bits_per_second":	62915441.262343921,
					"retransmits":	61,
					"snd_cwnd":	1500128,
					"rtt":	89010,
					"rttvar":	961,
					"pmtu":	1500,
					"omitted":	false,
					"sender":	true
				}],
			"sum":	{
				"start":	11.000161,
				"end":	12.000147,
				"seconds":	0.99998599290847778,
				"bytes":	7864320,
				"bits_per_second":	62915441.262343921,
				"retransmits":	61,
				"omitted":	false,
				"sender":	true
			}
		}, {
			"streams":	[{
					"socket":	5,
					"start":	12.000147,
					"end":	13.00027,
					"seconds":	1.0001230239868164,
					"bytes":	5242880,
					"bits_per_second":	41937880.634725682,
					"retransmits":	35,
					"snd_cwnd":	1610176,
					"rtt":	104141,
					"rttvar":	925,
					"pmtu":	1500,