{
	"start":	{
		"connected":	[{
				"socket":	5,
				"local_host":	"192.168.1.150",
				"local_port":	55301,
				"remote_host":	"165.194.35.203",
				"remote_port":	20075
			}],
		"version":	"iperf 3.9",
		"system_info":	"Linux nsl-System-Product-Name 6.8.0-106-generic #106~22.04.1-Ubuntu SMP PREEMPT_DYNAMIC Fri Mar  6 08:44:59 UTC  x86_64",
		"timestamp":	{
			"time":	"Wed, 01 Apr 2026 04:15:01 GMT",
			"timesecs":	1775016901
		},
		"connecting_to":	{
			"host":	"165.194.35.203",
			"port":	20075
		},
		"cookie":	"2ejr3a6f6vycjnswasqsxinlsro3223m7vuc",
		"tcp_mss_default":	1448,
		"sock_bufsize":	0,
		"sndbuf_actual":	16384,
		"rcvbuf_actual":	131072,
		"test_start":	{
			"protocol":	"TCP",
			"num_streams":	1,
			"blksize":	131072,
			"omit":	0,
			"duration":	30,
			"bytes":	0,
			"blocks":	0,
			"reverse":	0,
			"tos":	0
		}
	},
	"intervals":	[{
			"streams":	[{
					"socket":	5,
					"start":	0,
					"end":	1.000099,
					"seconds":	1.0000989437103271,
					"bytes":	8793376,
					"bits_per_second":	70340048.294637144,
					"retransmits":	30,
					"snd_cwnd":	2487664,
					"rtt":	58276,
					"rttvar":	258,
					"pmtu":	1500,
					"omitted":	false,
					"sender":	true
				}],
			"sum":	{
				"start":	0,
				"end":	1.000099,
				"seconds":	1.0000989437103271,
				"bytes":	8793376,
				"bits_per_second":	70340048.294637144,
				"retransmits":	30,
				"omitted":	false,
				"sender":	true
			}
		}, {
			"streams":	[{
					"socket":	5,
					"start":	1.000099,
					"end":	2.000062,
					"seconds":	0.99996298551559448,
					"bytes":	9175040,
					"bits_per_second":	73403036.975567445,
					"retransmits":	44,
					"snd_cwnd":	1090344,
					"rtt":	65486,
					"rttvar":	641,
					"pmtu":	1500,
					"omitted":	false,
					"sender":	true
				}],
			"sum":	{
				"start":	1.000099,
				"end":	2.000062,
				"seconds":	0.99996298551559448,
				"bytes":	9175040,
				"bits_per_second":	73403036.975567445,
				"retransmits":	44,
				"omitted":	false,
				"sender":	true
			}
		}, {
			"streams":	[{
					"socket":	5,
					"start":	2.000062,
					"end":	3.00006,
					"seconds":	0.99999797344207764,
					"bytes":	6553600,
					"bits_per_second":	52428906.250215322,
					"retransmits":	32,
					"snd_cwnd":	613952,
					"rtt":	65780,
					"rttvar":	484,
					"pmtu":	1500,
					"omitted":	false,
					"sender":	true
				}],
			"sum":	{
				"start":	2.000062,
				"end":	3.00006,
				"seconds":	0.99999797344207764,
				"bytes":	6553600,
				"bits_per_second":	52428906.250215322,
				"retransmits":	32,
				"omitted":	false,
				"sender":	true
			}
		}, {
			"streams":	[{
					"socket":	5,
					"start":	3.00006,
					"end":	4.000093,
					"seconds":	1.0000330209732056,
					"bytes":	9175040,
					"bits_per_second":	73397896.330031946,
					"retransmits":	27,
					"snd_cwnd":	1175776,
					"rtt":	60735,
					"rttvar":	549,
					"pmtu":	1500,
					"omitted":	false,
					"sender":	true
				}],
			"sum":	{
				"start":	3.00006,
				"end":	4.000093,
				"seconds":	1.0000330209732056,
				"bytes":	9175040,
				"bits_per_second":	73397896.330031946,
				"retransmits":	27,
				"omitted":	false,
				"sender":	true
			}
		}, {
			"streams":	[{
					"socket":	5,
					"start":	4.000093,
					"end":	5.000119,
					"seconds":	1.0000259876251221,
					"bytes":	9175040,
					"bits_per_second":	73398412.5495701,
					"retransmits":	36,
					"snd_cwnd":	1781040,
					"rtt":	65368,
					"rttvar":	1135,
					"pmtu":	1500,
					"omitted":	false,
					"sender":	true
				}],
			"sum":	{
				"start":	4.000093,
				"end":	5.000119,
				"seconds":	1.0000259876251221,
				"bytes":	9175040,
				"bits_per_second":	73398412.5495701,
				"retransmits":	36,
				"omitted":	false,
				"sender":	true
			}
		}, {
			"streams":	[{
					"socket":	5,
					"start":	5.000119,
					"end":	6.000064,
					"seconds":	0.99994498491287231,
					"bytes":	10485760,
					"bits_per_second":	83890695.2539086,
					"retransmits":	34,
					"snd_cwnd":	1917152,
					"rtt":	72365,
					"rttvar":	550,
					"pmtu":	1500,
					"omitted":	false,
					"sender":	true
				}],
			"sum":	{
				"start":	5.000119,
				"end":	6.000064,
				"seconds":	0.99994498491287231,
				"bytes":	10485760,
				"bits_per_second":	83890695.2539086,
				"retransmits":	34,
				"omitted":	false,
				"sender":	true
			}
		}, {
			"streams":	[{
					"socket":	5,
					"start":	6.000064,
					"end":	7.000099,
					"seconds":	1.0000350475311279,
					"bytes":	9175040,
					"bits_per_second":	73397747.5901566,
					"retransmits":	34,
					"snd_cwnd":	1647824,
					"rtt":	72551,
					"rttvar":	461,
					"pmtu":	1500,
					"omitted":	false,
					"sender":	true
				}],
			"sum":	{
				"start":	6.000064,
				"end":	7.000099,
				"seconds":	1.0000350475311279,
				"bytes":	9175040,
				"bits_per_second":	73397747.5901566,
				"retransmits":	34,
				"omitted":	false,
				"sender":	true
			}
		}, {
			"streams":	[{
					"socket":	5,
					"start":	7.000099,
					"end":	8.000043,
					"seconds":	0.999943971633911,
					"bytes":	10485760,
					"bits_per_second":	83890780.263348073,
					"retransmits":	36,
					"snd_cwnd":	1804208,
					"rtt":	75281,
					"rttvar":	709,
					"pmtu":	1500,
					"omitted":	false,
					"sender":	true
				}],
			"sum":	{
				"start":	7.000099,
				"end":	8.000043,
				"seconds":	0.999943971633911,
				"bytes":	10485760,
				"bits_per_second":	83890780.263348073,
				"retransmits":	36,
				"omitted":	false,
				"sender":	true
			}
		}, {
			"streams":	[{
					"socket":	5,
					"start":	8.000043,
					"end":	9.000063,
					"seconds":	1.0000200271606445,
					"bytes":	11796480,
					"bits_per_second":	94369950.037850574,
					"retransmits":	36,
					"snd_cwnd":	1847648,
					"rtt":	66895,
					"rttvar":	612,
					"pmtu":	1500,
					"omitted":	false,
					"sender":	true
				}],
			"sum":	{
				"start":	8.000043,
				"end":	9.000063,
				"seconds":	1.0000200271606445,
				"bytes":	11796480,
				"bits_per_second":	94369950.037850574,
				"retransmits":	36,
				"omitted":	false,
				"sender":	true
			}
		}, {
			"streams":	[{
					"socket":	5,
					"start":	9.000063,
					"end":	10.00008,
					"seconds":	1.0000170469284058,
					"bytes":	9175040,
					"bits_per_second":	73399068.7713296,
					"retransmits":	31,
					"snd_cwnd":	2012720,
					"rtt":	62629,
					"rttvar":	1755,
					"pmtu":	1500,
					"omitted":	false,
					"sender":	true
				}],
			"sum":	{
				"start":	9.000063,
				"end":	10.00008,
				"seconds":	1.0000170469284058,
				"bytes":	9175040,
				"bits_per_second":	73399068.7713296,
				"retransmits":	31,
				"omitted":	false,
				"sender":	true
			}
		}, {
			"streams":	[{
					"socket":	5,
					"start":	10.00008,
					"end":	11.000197,
					"seconds":	1.0001169443130493,
					"bytes":	7864320,
					"bits_per_second":	62907203.360317171,
					"retransmits":	31,
					"snd_cwnd":	1760768,
					"rtt":	73298,
					"rttvar":	623,
					"pmtu":	1500,
					"omitted":	false,
					"sender":	true
				}],
			"sum":	{
				"start":	10.00008,
				"end":	11.000197,
				"seconds":	1.0001169443130493,
				"bytes":	7864320,
				"bits_per_second":	62907203.360317171,
				"retransmits":	31,
				"omitted":	false,
				"sender":	true
			}
		}, {
			"streams":	[{
					"socket":	5,
					"start":	11.000197,
					"end":	12.000178,
					"seconds":	0.99998098611831665,
					"bytes":	10485760,
					"bits_per_second":	83887675.030327722,
					"retransmits":	51,
					"snd_cwnd":	1555152,
					"rtt":	75188,
					"rttvar":	526,
					"pmtu":	1500,
					"omitted":	false,
					"sender":	true
				}],
			"sum":	{
				"start":	11.000197,
				"end":	12.000178,
				"seconds":	0.99998098611831665,
				"bytes":	10485760,
				"bits_per_second":	83887675.030327722,
				"retransmits":	51,
				"omitted":	false,
				"sender":	true
			}
		}, {
			"streams":	[{
					"socket":	5,
					"start":	12.000178,
					"end":	13.000168,
					"seconds":	0.99998998641967773,
					"bytes":	10485760,
					"bits_per_second":	83886920.0084115,
					"retransmits":	39,
					"snd_cwnd":	1757872,