{
	"start":	{
		"connected":	[{
				"socket":	5,
				"local_host":	"165.194.35.239",
				"local_port":	42584,
				"remote_host":	"165.194.35.203",
				"remote_port":	5201
			}],
		"version":	"iperf 3.7",
		"system_info":	"Linux jh-nsl-desktop 5.15.0-139-generic #149~20.04.1-Ubuntu SMP Wed Apr 16 08:29:56 UTC 2025 x86_64",
		"timestamp":	{
			"time":	"Thu, 26 Mar 2026 03:53:34 GMT",
			"timesecs":	1774497214
		},
		"connecting_to":	{
			"host":	"165.194.35.203",
			"port":	5201
		},
		"cookie":	"jctewfgrzbsjv5sx34gc673pmevwdpyn63kp",
		"tcp_mss_default":	1448,
		"sock_bufsize":	0,
		"sndbuf_actual":	16384,
		"rcvbuf_actual":	131072,
		"test_start":	{
			"protocol":	"TCP",
			"num_streams":	1,
			"blksize":	131072,
			"omit":	0,
			"duration":	30,
			"bytes":	0,
			"blocks":	0,
			"reverse":	1,
			"tos":	0
		}
	},
	"intervals":	[{
			"streams":	[{
					"socket":	5,
					"start":	0,
					"end":	1.000058,
					"seconds":	1.0000580549240112,
					"bytes":	11709976,
					"bits_per_second":	93674369.741582856,
					"omitted":	false,
					"sender":	false
				}],
			"sum":	{
				"start":	0,
				"end":	1.000058,
				"seconds":	1.0000580549240112,
				"bytes":	11709976,
				"bits_per_second":	93674369.741582856,
				"omitted":	false,
				"sender":	false
			}
		}, {
			"streams":	[{
					"socket":	5,
					"start":	1.000058,
					"end":	2.000033,
					"seconds":	0.99997502565383911,
					"bytes":	11657848,
					"bits_per_second":	93265113.235222667,
					"omitted":	false,
					"sender":	false
				}],
			"sum":	{
				"start":	1.000058,
				"end":	2.000033,
				"seconds":	0.99997502565383911,
				"bytes":	11657848,
				"bits_per_second":	93265113.235222667,
				"omitted":	false,
				"sender":	false
			}
		}, {
			"streams":	[{
					"socket":	5,
					"start":	2.000033,
					"end":	3.000019,
					"seconds":	0.99998599290847778,
					"bytes":	11662192,
					"bits_per_second":	93298842.845430657,
					"omitted":	false,
					"sender":	false
				}],
			"sum":	{
				"start":	2.000033,
				"end":	3.000019,
				"seconds":	0.99998599290847778,
				"bytes":	11662192,
				"bits_per_second":	93298842.845430657,
				"omitted":	false,
				"sender":	false
			}
		}, {
			"streams":	[{
					"socket":	5,
					"start":	3.000019,
					"end":	4.000058,
					"seconds":	1.0000389814376831,
					"bytes":	11652056,
					"bits_per_second":	93212814.430483013,
					"omitted":	false,
					"sender":	false
				}],
			"sum":	{
				"start":	3.000019,
				"end":	4.000058,
				"seconds":	1.0000389814376831,
				"bytes":	11652056,
				"bits_per_second":	93212814.430483013,
				"omitted":	false,
				"sender":	false
			}
		}, {
			"streams":	[{
					"socket":	5,
					"start":	4.000058,
					"end":	5.000057,
					"seconds":	0.99999898672103882,
					"bytes":	11659296,
					"bits_per_second":	93274462.513050482,
					"omitted":	false,
					"sender":	false
				}],
			"sum":	{
				"start":	4.000058,
				"end":	5.000057,
				"seconds":	0.99999898672103882,
				"bytes":	11659296,
				"bits_per_second":	93274462.513050482,
				"omitted":	false,
				"sender":	false
			}
		}, {
			"streams":	[{
					"socket":	5,
					"start":	5.000057,
					"end":	6.000058,
					"seconds":	1.0000009536743164,
					"bytes":	11597032,
					"bits_per_second":	92776167.521751866,
					"omitted":	false,
					"sender":	false
				}],
			"sum":	{
				"start":	5.000057,
				"end":	6.000058,
				"seconds":	1.0000009536743164,
				"bytes":	11597032,
				"bits_per_second":	92776167.521751866,
				"omitted":	false,
				"sender":	false
			}
		}, {
			"streams":	[{
					"socket":	5,
					"start":	6.000058,
					"end":	7.000033,
					"seconds":	0.99997502565383911,
					"bytes":	11725904,
					"bits_per_second":	93809574.832795084,
					"omitted":	false,
					"sender":	false
				}],
			"sum":	{
				"start":	6.000058,
				"end":	7.000033,
				"seconds":	0.99997502565383911,
				"bytes":	11725904,
				"bits_per_second":	93809574.832795084,
				"omitted":	false,
				"sender":	false
			}
		}, {
			"streams":	[{
					"socket":	5,
					"start":	7.000033,
					"end":	8.000058,
					"seconds":	1.0000250339508057,
					"bytes":	11650608,
					"bits_per_second":	93202530.772429675,
					"omitted":	false,
					"sender":	false
				}],
			"sum":	{
				"start":	7.000033,
				"end":	8.000058,
				"seconds":	1.0000250339508057,
				"bytes":	11650608,
				"bits_per_second":	93202530.772429675,
				"omitted":	false,
				"sender":	false
			}
		}, {
			"streams":	[{
					"socket":	5,
					"start":	8.000058,
					"end":	9.000009,
					"seconds":	0.99995100498199463,
					"bytes":	11654952,
					"bits_per_second":	93244184.5004985,
					"omitted":	false,
					"sender":	false
				}],
			"sum":	{
				"start":	8.000058,
				"end":	9.000009,
				"seconds":	0.99995100498199463,
				"bytes":	11654952,
				"bits_per_second":	93244184.5004985,
				"omitted":	false,
				"sender":	false
			}
		}, {
			"streams":	[{
					"socket":	5,
					"start":	9.000009,
					"end":	10.000057,
					"seconds":	1.000048041343689,
					"bytes":	11662192,
					"bits_per_second":	93293054.076325327,
					"omitted":	false,
					"sender":	false
				}],
			"sum":	{
				"start":	9.000009,
				"end":	10.000057,
				"seconds":	1.000048041343689,
				"bytes":	11662192,
				"bits_per_second":	93293054.076325327,
				"omitted":	false,
				"sender":	false
			}
		}, {
			"streams":	[{
					"socket":	5,
					"start":	10.000057,
					"end":	11.000057,
					"seconds":	1,
					"bytes":	11657848,
					"bits_per_second":	93262784,
					"omitted":	false,
					"sender":	false
				}],
			"sum":	{
				"start":	10.000057,
				"end":	11.000057,
				"seconds":	1,
				"bytes":	11657848,
				"bits_per_second":	93262784,
				"omitted":	false,
				"sender":	false
			}
		}, {
			"streams":	[{
					"socket":	5,
					"start":	11.000057,
					"end":	12.000058,
					"seconds":	1.0000009536743164,
					"bytes":	11660744,
					"bits_per_second":	93285863.035668343,
					"omitted":	false,
					"sender":	false
				}],
			"sum":	{
				"start":	11.000057,
				"end":	12.000058,
				"seconds":	1.0000009536743164,
				"bytes":	11660744,
				"bits_per_second":	93285863.035668343,
				"omitted":	false,
				"sender":	false
			}
		}, {
			"streams":	[{
					"socket":	5,
					"start":	12.000058,
					"end":	13.000057,
					"seconds":	0.99999898672103882,
					"bytes":	11654952,
					"bits_per_second":	93239710.477836967,
					"omitted":	false,
					"sender":	false
				}],
			"sum":	{
				"start":	12.000058,
				"end":	13.000057,
				"seconds":	0.99999898672103882,
				"bytes":	11654952,
				"bits_per_second":	93239710.477836967,
				"omitted":	false,
				"sender":	false
			}
		}, {
			"streams":	[{
					"socket":	5,
					"start":	13.000057,
					"end":	14.000057,
					"seconds":	1,
					"bytes":	11659296,
					"bits_per_second":	93274368,
					"omitted":	false,
					"sender":	false
				}],
			"sum":	{
				"start":	13.000057,
				"end":	14.000057,
				"seconds":	1,
				"bytes":	11659296,
				"bits_per_second":	93274368,
				"omitted":	false,
				"sender":	false
			}
		}, {
			"streams":	[{
					"socket":	5,
					"start":	14.000057,
					"end":	15.000058,
					"seconds":	1.0000009536743164,
					"bytes":	11660744,
					"bits_per_second":	93285863.035668343,
					"omitted":	false,
					"sender":	false
				}],
			"sum":	{
				"start":	14.000057,
				"end":	15.000058,
				"seconds":	1.0000009536743164,
				"bytes":	11660744,
				"bits_per_second":	93285863.035668343,
				"omitted":	false,
				"sender":	false
			}
		}, {
			"streams":	[{
					"socket":	5,
					"start":	15.000058,
					"end":	16.000058,
					"seconds":	1,
					"bytes":	11654952,
					"bits_per_second":	93239616,
					"omitted":	false,
					"sender":	false
				}],
			"sum":	{
				"start":	15.000058,
				"end":	16.000058,
				"seconds":	1,
				"bytes":	11654952,
				"bits_per_second":	93239616,
				"omitted":	false,
				"sender":	false
			}
		}, {
			"streams":	[{
					"socket":	5,
					"start":	16.000058,
					"end":	17.000008,
					"seconds":	0.99994999170303345,