{
	"start":	{
		"connected":	[{
				"socket":	5,
				"local_host":	"192.168.1.150",
				"local_port":	36385,
				"remote_host":	"165.194.35.203",
				"remote_port":	20075
			}],
		"version":	"iperf 3.9",
		"system_info":	"Linux nsl-System-Product-Name 6.8.0-106-generic #106~22.04.1-Ubuntu SMP PREEMPT_DYNAMIC Fri Mar  6 08:44:59 UTC  x86_64",
		"timestamp":	{
			"time":	"Tue, 31 Mar 2026 08:43:48 GMT",
			"timesecs":	1774946628
		},
		"connecting_to":	{
			"host":	"165.194.35.203",
			"port":	20075
		},
		"cookie":	"7gswwylp3ja3xp3avn4l7gh4pjo2hsysjaa2",
		"tcp_mss_default":	1448,
		"sock_bufsize":	0,
		"sndbuf_actual":	16384,
		"rcvbuf_actual":	131072,
		"test_start":	{
			"protocol":	"TCP",
			"num_streams":	1,
			"blksize":	131072,
			"omit":	0,
			"duration":	30,
			"bytes":	0,
			"blocks":	0,
			"reverse":	1,
			"tos":	0
		}
	},
	"intervals":	[{
			"streams":	[{
					"socket":	5,
					"start":	0,
					"end":	1.005905,
					"seconds":	1.0059050321578979,
					"bytes":	8257536,
					"bits_per_second":	65672489.835631371,
					"omitted":	false,
					"sender":	false
				}],
			"sum":	{
				"start":	0,
				"end":	1.005905,
				"seconds":	1.0059050321578979,
				"bytes":	8257536,
				"bits_per_second":	65672489.835631371,
				"omitted":	false,
				"sender":	false
			}
		}, {
			"streams":	[{
					"socket":	5,
					"start":	1.005905,
					"end":	2.021482,
					"seconds":	1.015576958656311,
					"bytes":	11010048,
					"bits_per_second":	86729403.6648265,
					"omitted":	false,
					"sender":	false
				}],
			"sum":	{
				"start":	1.005905,
				"end":	2.021482,
				"seconds":	1.015576958656311,
				"bytes":	11010048,
				"bits_per_second":	86729403.6648265,
				"omitted":	false,
				"sender":	false
			}
		}, {
			"streams":	[{
					"socket":	5,
					"start":	2.021482,
					"end":	3.00569,
					"seconds":	0.98420798778533936,
					"bytes":	12451840,
					"bits_per_second":	101213078.16669179,
					"omitted":	false,
					"sender":	false
				}],
			"sum":	{
				"start":	2.021482,
				"end":	3.00569,
				"seconds":	0.98420798778533936,
				"bytes":	12451840,
				"bits_per_second":	101213078.16669179,
				"omitted":	false,
				"sender":	false
			}
		}, {
			"streams":	[{
					"socket":	5,
					"start":	3.00569,
					"end":	4.001645,
					"seconds":	0.995954990386963,
					"bytes":	11665408,
					"bits_per_second":	93702290.666509628,
					"omitted":	false,
					"sender":	false
				}],
			"sum":	{
				"start":	3.00569,
				"end":	4.001645,
				"seconds":	0.995954990386963,
				"bytes":	11665408,
				"bits_per_second":	93702290.666509628,
				"omitted":	false,
				"sender":	false
			}
		}, {
			"streams":	[{
					"socket":	5,
					"start":	4.001645,
					"end":	5.007305,
					"seconds":	1.0056600570678711,
					"bytes":	11796480,
					"bits_per_second":	93840696.303632677,
					"omitted":	false,
					"sender":	false
				}],
			"sum":	{
				"start":	4.001645,
				"end":	5.007305,
				"seconds":	1.0056600570678711,
				"bytes":	11796480,
				"bits_per_second":	93840696.303632677,
				"omitted":	false,
				"sender":	false
			}
		}, {
			"streams":	[{
					"socket":	5,
					"start":	5.007305,
					"end":	6.002814,
					"seconds":	0.99550902843475342,
					"bytes":	11665408,
					"bits_per_second":	93744266.8367688,
					"omitted":	false,
					"sender":	false
				}],
			"sum":	{
				"start":	5.007305,
				"end":	6.002814,
				"seconds":	0.99550902843475342,
				"bytes":	11665408,
				"bits_per_second":	93744266.8367688,
				"omitted":	false,
				"sender":	false
			}
		}, {
			"streams":	[{
					"socket":	5,
					"start":	6.002814,
					"end":	7.073602,
					"seconds":	1.0707880258560181,
					"bytes":	11796480,
					"bits_per_second":	88133073.700143874,
					"omitted":	false,
					"sender":	false
				}],
			"sum":	{
				"start":	6.002814,
				"end":	7.073602,
				"seconds":	1.0707880258560181,
				"bytes":	11796480,
				"bits_per_second":	88133073.700143874,
				"omitted":	false,
				"sender":	false
			}
		}, {
			"streams":	[{
					"socket":	5,
					"start":	7.073602,
					"end":	8.002842,
					"seconds":	0.92923998832702637,
					"bytes":	11665408,
					"bits_per_second":	100429668.51654349,
					"omitted":	false,
					"sender":	false
				}],
			"sum":	{
				"start":	7.073602,
				"end":	8.002842,
				"seconds":	0.92923998832702637,
				"bytes":	11665408,
				"bits_per_second":	100429668.51654349,
				"omitted":	false,
				"sender":	false
			}
		}, {
			"streams":	[{
					"socket":	5,
					"start":	8.002842,
					"end":	9.008818,
					"seconds":	1.0059759616851807,
					"bytes":	11796480,
					"bits_per_second":	93811227.697639152,
					"omitted":	false,
					"sender":	false
				}],
			"sum":	{
				"start":	8.002842,
				"end":	9.008818,
				"seconds":	1.0059759616851807,
				"bytes":	11796480,
				"bits_per_second":	93811227.697639152,
				"omitted":	false,
				"sender":	false
			}
		}, {
			"streams":	[{
					"socket":	5,
					"start":	9.008818,
					"end":	10.000957,
					"seconds":	0.99213898181915283,
					"bytes":	11403264,
					"bits_per_second":	91948924.164567,
					"omitted":	false,
					"sender":	false
				}],
			"sum":	{
				"start":	9.008818,
				"end":	10.000957,
				"seconds":	0.99213898181915283,
				"bytes":	11403264,
				"bits_per_second":	91948924.164567,
				"omitted":	false,
				"sender":	false
			}
		}, {
			"streams":	[{
					"socket":	5,
					"start":	10.000957,
					"end":	11.012603,
					"seconds":	1.011646032333374,
					"bytes":	9830400,
					"bits_per_second":	77737862.341641858,
					"omitted":	false,
					"sender":	false
				}],
			"sum":	{
				"start":	10.000957,
				"end":	11.012603,
				"seconds":	1.011646032333374,
				"bytes":	9830400,
				"bits_per_second":	77737862.341641858,
				"omitted":	false,
				"sender":	false
			}
		}, {
			"streams":	[{
					"socket":	5,
					"start":	11.012603,
					"end":	12.001355,
					"seconds":	0.988752007484436,
					"bytes":	11665408,
					"bits_per_second":	94384904.701666564,
					"omitted":	false,
					"sender":	false
				}],
			"sum":	{
				"start":	11.012603,
				"end":	12.001355,
				"seconds":	0.988752007484436,
				"bytes":	11665408,
				"bits_per_second":	94384904.701666564,
				"omitted":	false,
				"sender":	false
			}
		}, {
			"streams":	[{
					"socket":	5,
					"start":	12.001355,
					"end":	13.00045,
					"seconds":	0.99909502267837524,
					"bytes":	11665408,
					"bits_per_second":	93407795.936985925,
					"omitted":	false,
					"sender":	false
				}],
			"sum":	{
				"start":	12.001355,
				"end":	13.00045,
				"seconds":	0.99909502267837524,
				"bytes":	11665408,
				"bits_per_second":	93407795.936985925,
				"omitted":	false,
				"sender":	false
			}
		}, {
			"streams":	[{
					"socket":	5,
					"start":	13.00045,
					"end":	14.003725,
					"seconds":	1.0032750368118286,
					"bytes":	11796480,
					"bits_per_second":	94063777.665485874,
					"omitted":	false,
					"sender":	false
				}],
			"sum":	{
				"start":	13.00045,
				"end":	14.003725,
				"seconds":	1.0032750368118286,
				"bytes":	11796480,
				"bits_per_second":	94063777.665485874,
				"omitted":	false,
				"sender":	false
			}
		}, {
			"streams":	[{
					"socket":	5,
					"start":	14.003725,
					"end":	15.008044,
					"seconds":	1.0043189525604248,
					"bytes":	11796480,
					"bits_per_second":	93966005.280899167,
					"omitted":	false,
					"sender":	false
				}],
			"sum":	{
				"start":	14.003725,
				"end":	15.008044,
				"seconds":	1.0043189525604248,
				"bytes":	11796480,
				"bits_per_second":	93966005.280899167,
				"omitted":	false,
				"sender":	false
			}
		}, {
			"streams":	[{
					"socket":	5,
					"start":	15.008044,
					"end":	16.002565,
					"seconds":	0.99452102184295654,
					"bytes":	11665408,
					"bits_per_second":	93837397.0487439,
					"omitted":	false,
					"sender":	false
				}],
			"sum":	{
				"start":	15.008044,
				"end":	16.002565,
				"seconds":	0.99452102184295654,
				"bytes":	11665408,
				"bits_per_second":	93837397.0487439,
				"omitted":	false,