{
	"start":	{
		"connected":	[{
				"socket":	5,
				"local_host":	"192.168.0.216",
				"local_port":	46370,
				"remote_host":	"165.194.35.203",
				"remote_port":	5201
			}],
		"version":	"iperf 3.7",
		"system_info":	"Linux jh-nsl-desktop 5.15.0-139-generic #149~20.04.1-Ubuntu SMP Wed Apr 16 08:29:56 UTC 2025 x86_64",
		"timestamp":	{
			"time":	"Fri, 27 Mar 2026 06:46:26 GMT",
			"timesecs":	1774593986
		},
		"connecting_to":	{
			"host":	"165.194.35.203",
			"port":	5201
		},
		"cookie":	"6nzf7zevf7yfcv2txheqgsjlv66bavfpjiph",
		"tcp_mss_default":	1448,
		"sock_bufsize":	0,
		"sndbuf_actual":	16384,
		"rcvbuf_actual":	131072,
		"test_start":	{
			"protocol":	"TCP",
			"num_streams":	1,
			"blksize":	131072,
			"omit":	0,
			"duration":	30,
			"bytes":	0,
			"blocks":	0,
			"reverse":	1,
			"tos":	0
		}
	},
	"intervals":	[{
			"streams":	[{
					"socket":	5,
					"start":	0,
					"end":	1.000126,
					"seconds":	1.0001260042190552,
					"bytes":	11442096,
					"bits_per_second":	91525235.434185281,
					"omitted":	false,
					"sender":	false
				}],
			"sum":	{
				"start":	0,
				"end":	1.000126,
				"seconds":	1.0001260042190552,
				"bytes":	11442096,
				"bits_per_second":	91525235.434185281,
				"omitted":	false,
				"sender":	false
			}
		}, {
			"streams":	[{
					"socket":	5,
					"start":	1.000126,
					"end":	2.000104,
					"seconds":	0.99997800588607788,
					"bytes":	11010592,
					"bits_per_second":	88086673.388329521,
					"omitted":	false,
					"sender":	false
				}],
			"sum":	{
				"start":	1.000126,
				"end":	2.000104,
				"seconds":	0.99997800588607788,
				"bytes":	11010592,
				"bits_per_second":	88086673.388329521,
				"omitted":	false,
				"sender":	false
			}
		}, {
			"streams":	[{
					"socket":	5,
					"start":	2.000104,
					"end":	3.000068,
					"seconds":	0.99996399879455566,
					"bytes":	11575312,
					"bits_per_second":	92605829.921508342,
					"omitted":	false,
					"sender":	false
				}],
			"sum":	{
				"start":	2.000104,
				"end":	3.000068,
				"seconds":	0.99996399879455566,
				"bytes":	11575312,
				"bits_per_second":	92605829.921508342,
				"omitted":	false,
				"sender":	false
			}
		}, {
			"streams":	[{
					"socket":	5,
					"start":	3.000068,
					"end":	4.000059,
					"seconds":	0.99999099969863892,
					"bytes":	11559384,
					"bits_per_second":	92475904.31100744,
					"omitted":	false,
					"sender":	false
				}],
			"sum":	{
				"start":	3.000068,
				"end":	4.000059,
				"seconds":	0.99999099969863892,
				"bytes":	11559384,
				"bits_per_second":	92475904.31100744,
				"omitted":	false,
				"sender":	false
			}
		}, {
			"streams":	[{
					"socket":	5,
					"start":	4.000059,
					"end":	5.000269,
					"seconds":	1.0002100467681885,
					"bytes":	11376936,
					"bits_per_second":	90996374.50561823,
					"omitted":	false,
					"sender":	false
				}],
			"sum":	{
				"start":	4.000059,
				"end":	5.000269,
				"seconds":	1.0002100467681885,
				"bytes":	11376936,
				"bits_per_second":	90996374.50561823,
				"omitted":	false,
				"sender":	false
			}
		}, {
			"streams":	[{
					"socket":	5,
					"start":	5.000269,
					"end":	6.000188,
					"seconds":	0.99991899728775024,
					"bytes":	11724456,
					"bits_per_second":	93803246.317369536,
					"omitted":	false,
					"sender":	false
				}],
			"sum":	{
				"start":	5.000269,
				"end":	6.000188,
				"seconds":	0.99991899728775024,
				"bytes":	11724456,
				"bits_per_second":	93803246.317369536,
				"omitted":	false,
				"sender":	false
			}
		}, {
			"streams":	[{
					"socket":	5,
					"start":	6.000188,
					"end":	7.000072,
					"seconds":	0.99988400936126709,
					"bytes":	11272680,
					"bits_per_second":	90191901.4162538,
					"omitted":	false,
					"sender":	false
				}],
			"sum":	{
				"start":	6.000188,
				"end":	7.000072,
				"seconds":	0.99988400936126709,
				"bytes":	11272680,
				"bits_per_second":	90191901.4162538,
				"omitted":	false,
				"sender":	false
			}
		}, {
			"streams":	[{
					"socket":	5,
					"start":	7.000072,
					"end":	8.00009,
					"seconds":	1.0000180006027222,
					"bytes":	11313224,
					"bits_per_second":	90504162.870519459,
					"omitted":	false,
					"sender":	false
				}],
			"sum":	{
				"start":	7.000072,
				"end":	8.00009,
				"seconds":	1.0000180006027222,
				"bytes":	11313224,
				"bits_per_second":	90504162.870519459,
				"omitted":	false,
				"sender":	false
			}
		}, {
			"streams":	[{
					"socket":	5,
					"start":	8.00009,
					"end":	9.000026,
					"seconds":	0.99993598461151123,
					"bytes":	11695496,
					"bits_per_second":	93569957.917206943,
					"omitted":	false,
					"sender":	false
				}],
			"sum":	{
				"start":	8.00009,
				"end":	9.000026,
				"seconds":	0.99993598461151123,
				"bytes":	11695496,
				"bits_per_second":	93569957.917206943,
				"omitted":	false,
				"sender":	false
			}
		}, {
			"streams":	[{
					"socket":	5,
					"start":	9.000026,
					"end":	10.000075,
					"seconds":	1.0000489950180054,
					"bytes":	11459472,
					"bits_per_second":	91671284.563762218,
					"omitted":	false,
					"sender":	false
				}],
			"sum":	{
				"start":	9.000026,
				"end":	10.000075,
				"seconds":	1.0000489950180054,
				"bytes":	11459472,
				"bits_per_second":	91671284.563762218,
				"omitted":	false,
				"sender":	false
			}
		}, {
			"streams":	[{
					"socket":	5,
					"start":	10.000075,
					"end":	11.000131,
					"seconds":	1.0000560283660889,
					"bytes":	7326880,
					"bits_per_second":	58611756.079073288,
					"omitted":	false,
					"sender":	false
				}],
			"sum":	{
				"start":	10.000075,
				"end":	11.000131,
				"seconds":	1.0000560283660889,
				"bytes":	7326880,
				"bits_per_second":	58611756.079073288,
				"omitted":	false,
				"sender":	false
			}
		}, {
			"streams":	[{
					"socket":	5,
					"start":	11.000131,
					"end":	12.000139,
					"seconds":	1.0000079870224,
					"bytes":	9600240,
					"bits_per_second":	76801306.586243957,
					"omitted":	false,
					"sender":	false
				}],
			"sum":	{
				"start":	11.000131,
				"end":	12.000139,
				"seconds":	1.0000079870224,
				"bytes":	9600240,
				"bits_per_second":	76801306.586243957,
				"omitted":	false,
				"sender":	false
			}
		}, {
			"streams":	[{
					"socket":	5,
					"start":	12.000139,
					"end":	13.000075,
					"seconds":	0.99993598461151123,
					"bytes":	5431448,
					"bits_per_second":	43454365.7481049,
					"omitted":	false,
					"sender":	false
				}],
			"sum":	{
				"start":	12.000139,
				"end":	13.000075,
				"seconds":	0.99993598461151123,
				"bytes":	5431448,
				"bits_per_second":	43454365.7481049,
				"omitted":	false,
				"sender":	false
			}
		}, {
			"streams":	[{
					"socket":	5,
					"start":	13.000075,
					"end":	14.000407,
					"seconds":	1.0003319978713989,
					"bytes":	4538032,
					"bits_per_second":	36292207.064506218,
					"omitted":	false,
					"sender":	false
				}],
			"sum":	{
				"start":	13.000075,
				"end":	14.000407,
				"seconds":	1.0003319978713989,
				"bytes":	4538032,
				"bits_per_second":	36292207.064506218,
				"omitted":	false,
				"sender":	false
			}
		}, {
			"streams":	[{
					"socket":	5,
					"start":	14.000407,
					"end":	15.000318,
					"seconds":	0.99991101026535034,
					"bytes":	7594760,
					"bits_per_second":	60763487.326613583,
					"omitted":	false,
					"sender":	false
				}],
			"sum":	{
				"start":	14.000407,
				"end":	15.000318,
				"seconds":	0.99991101026535034,
				"bytes":	7594760,
				"bits_per_second":	60763487.326613583,
				"omitted":	false,
				"sender":	false
			}
		}, {
			"streams":	[{
					"socket":	5,
					"start":	15.000318,
					"end":	16.000165,
					"seconds":	0.99984699487686157,
					"bytes":	7381904,
					"bits_per_second":	59064269.1357722,
					"omitted":	false,
					"sender":	false
				}],
			"sum":	{
				"start":	15.000318,
				"end":	16.000165,
				"seconds":	0.99984699487686157,
				"bytes":	7381904,
				"bits_per_second":	59064269.1357722,
				"omitted":	false,