{
	"start":	{
		"connected":	[{
				"socket":	5,
				"local_host":	"192.168.1.150",
				"local_port":	57465,
				"remote_host":	"165.194.35.203",
				"remote_port":	20075
			}],
		"version":	"iperf 3.9",
		"system_info":	"Linux nsl-System-Product-Name 6.8.0-106-generic #106~22.04.1-Ubuntu SMP PREEMPT_DYNAMIC Fri Mar  6 08:44:59 UTC  x86_64",
		"timestamp":	{
			"time":	"Wed, 01 Apr 2026 05:02:50 GMT",
			"timesecs":	1775019770
		},
		"connecting_to":	{
			"host":	"165.194.35.203",
			"port":	20075
		},
		"cookie":	"wwmcftu7tawws77tq5ad4zx3gl55ckminsoh",
		"tcp_mss_default":	1448,
		"sock_bufsize":	0,
		"sndbuf_actual":	16384,
		"rcvbuf_actual":	131072,
		"test_start":	{
			"protocol":	"TCP",
			"num_streams":	1,
			"blksize":	131072,
			"omit":	0,
			"duration":	30,
			"bytes":	0,
			"blocks":	0,
			"reverse":	0,
			"tos":	0
		}
	},
	"intervals":	[{
			"streams":	[{
					"socket":	5,
					"start":	0,
					"end":	1.000104,
					"seconds":	1.0001039505004883,
					"bytes":	7466728,
					"bits_per_second":	59727615.2844982,
					"retransmits":	24,
					"snd_cwnd":	582096,
					"rtt":	70620,
					"rttvar":	105,
					"pmtu":	1500,
					"omitted":	false,
					"sender":	true
				}],
			"sum":	{
				"start":	0,
				"end":	1.000104,
				"seconds":	1.0001039505004883,
				"bytes":	7466728,
				"bits_per_second":	59727615.2844982,
				"retransmits":	24,
				"omitted":	false,
				"sender":	true
			}
		}, {
			"streams":	[{
					"socket":	5,
					"start":	1.000104,
					"end":	2.000089,
					"seconds":	0.9999849796295166,
					"bytes":	9175040,
					"bits_per_second":	73401422.5165602,
					"retransmits":	38,
					"snd_cwnd":	1928736,
					"rtt":	81567,
					"rttvar":	469,
					"pmtu":	1500,
					"omitted":	false,
					"sender":	true
				}],
			"sum":	{
				"start":	1.000104,
				"end":	2.000089,
				"seconds":	0.9999849796295166,
				"bytes":	9175040,
				"bits_per_second":	73401422.5165602,
				"retransmits":	38,
				"omitted":	false,
				"sender":	true
			}
		}, {
			"streams":	[{
					"socket":	5,
					"start":	2.000089,
					"end":	3.000073,
					"seconds":	0.9999840259552002,
					"bytes":	10485760,
					"bits_per_second":	83887420.021405563,
					"retransmits":	32,
					"snd_cwnd":	1856336,
					"rtt":	70433,
					"rttvar":	331,
					"pmtu":	1500,
					"omitted":	false,
					"sender":	true
				}],
			"sum":	{
				"start":	2.000089,
				"end":	3.000073,
				"seconds":	0.9999840259552002,
				"bytes":	10485760,
				"bits_per_second":	83887420.021405563,
				"retransmits":	32,
				"omitted":	false,
				"sender":	true
			}
		}, {
			"streams":	[{
					"socket":	5,
					"start":	3.000073,
					"end":	4.000096,
					"seconds":	1.0000230073928833,
					"bytes":	10485760,
					"bits_per_second":	83884150.04440324,
					"retransmits":	43,
					"snd_cwnd":	1841856,
					"rtt":	72120,
					"rttvar":	598,
					"pmtu":	1500,
					"omitted":	false,
					"sender":	true
				}],
			"sum":	{
				"start":	3.000073,
				"end":	4.000096,
				"seconds":	1.0000230073928833,
				"bytes":	10485760,
				"bits_per_second":	83884150.04440324,
				"retransmits":	43,
				"omitted":	false,
				"sender":	true
			}
		}, {
			"streams":	[{
					"socket":	5,
					"start":	4.000096,
					"end":	5.000163,
					"seconds":	1.0000669956207275,
					"bytes":	9175040,
					"bits_per_second":	73395402.8294289,
					"retransmits":	47,
					"snd_cwnd":	1810000,
					"rtt":	71425,
					"rttvar":	535,
					"pmtu":	1500,
					"omitted":	false,
					"sender":	true
				}],
			"sum":	{
				"start":	4.000096,
				"end":	5.000163,
				"seconds":	1.0000669956207275,
				"bytes":	9175040,
				"bits_per_second":	73395402.8294289,
				"retransmits":	47,
				"omitted":	false,
				"sender":	true
			}
		}, {
			"streams":	[{
					"socket":	5,
					"start":	5.000163,
					"end":	6.000196,
					"seconds":	1.0000330209732056,
					"bytes":	10485760,
					"bits_per_second":	83883310.091465071,
					"retransmits":	43,
					"snd_cwnd":	1786832,
					"rtt":	65806,
					"rttvar":	628,
					"pmtu":	1500,
					"omitted":	false,
					"sender":	true
				}],
			"sum":	{
				"start":	5.000163,
				"end":	6.000196,
				"seconds":	1.0000330209732056,
				"bytes":	10485760,
				"bits_per_second":	83883310.091465071,
				"retransmits":	43,
				"omitted":	false,
				"sender":	true
			}
		}, {
			"streams":	[{
					"socket":	5,
					"start":	6.000196,
					"end":	7.000221,
					"seconds":	1.0000250339508057,
					"bytes":	9175040,
					"bits_per_second":	73398482.545998737,
					"retransmits":	62,
					"snd_cwnd":	1775248,
					"rtt":	84648,
					"rttvar":	913,
					"pmtu":	1500,
					"omitted":	false,
					"sender":	true
				}],
			"sum":	{
				"start":	6.000196,
				"end":	7.000221,
				"seconds":	1.0000250339508057,
				"bytes":	9175040,
				"bits_per_second":	73398482.545998737,
				"retransmits":	62,
				"omitted":	false,
				"sender":	true
			}
		}, {
			"streams":	[{
					"socket":	5,
					"start":	7.000221,
					"end":	8.000102,
					"seconds":	0.99988102912902832,
					"bytes":	10485760,
					"bits_per_second":	83896061.18747057,
					"retransmits":	47,
					"snd_cwnd":	1656512,
					"rtt":	62626,
					"rttvar":	659,
					"pmtu":	1500,
					"omitted":	false,
					"sender":	true
				}],
			"sum":	{
				"start":	7.000221,
				"end":	8.000102,
				"seconds":	0.99988102912902832,
				"bytes":	10485760,
				"bits_per_second":	83896061.18747057,
				"retransmits":	47,
				"omitted":	false,
				"sender":	true
			}
		}, {
			"streams":	[{
					"socket":	5,
					"start":	8.000102,
					"end":	9.000065,
					"seconds":	0.99996298551559448,
					"bytes":	10485760,
					"bits_per_second":	83889185.1149342,
					"retransmits":	38,
					"snd_cwnd":	1581216,
					"rtt":	66258,
					"rttvar":	804,
					"pmtu":	1500,
					"omitted":	false,
					"sender":	true
				}],
			"sum":	{
				"start":	8.000102,
				"end":	9.000065,
				"seconds":	0.99996298551559448,
				"bytes":	10485760,
				"bits_per_second":	83889185.1149342,
				"retransmits":	38,
				"omitted":	false,
				"sender":	true
			}
		}, {
			"streams":	[{
					"socket":	5,
					"start":	9.000065,
					"end":	10.000064,
					"seconds":	0.99999898672103882,
					"bytes":	9175040,
					"bits_per_second":	73400394.37507537,
					"retransmits":	40,
					"snd_cwnd":	1720224,
					"rtt":	61465,
					"rttvar":	522,
					"pmtu":	1500,
					"omitted":	false,
					"sender":	true
				}],
			"sum":	{
				"start":	9.000065,
				"end":	10.000064,
				"seconds":	0.99999898672103882,
				"bytes":	9175040,
				"bits_per_second":	73400394.37507537,
				"retransmits":	40,
				"omitted":	false,
				"sender":	true
			}
		}, {
			"streams":	[{
					"socket":	5,
					"start":	10.000064,
					"end":	11.000512,
					"seconds":	1.0004479885101318,
					"bytes":	9175040,
					"bits_per_second":	73367452.224385828,
					"retransmits":	41,
					"snd_cwnd":	1882400,
					"rtt":	71922,
					"rttvar":	1159,
					"pmtu":	1500,
					"omitted":	false,
					"sender":	true
				}],
			"sum":	{
				"start":	10.000064,
				"end":	11.000512,
				"seconds":	1.0004479885101318,
				"bytes":	9175040,
				"bits_per_second":	73367452.224385828,
				"retransmits":	41,
				"omitted":	false,
				"sender":	true
			}
		}, {
			"streams":	[{
					"socket":	5,
					"start":	11.000512,
					"end":	12.000062,
					"seconds":	0.9995499849319458,
					"bytes":	9175040,
					"bits_per_second":	73433366.1212525,
					"retransmits":	32,
					"snd_cwnd":	1879504,
					"rtt":	68717,
					"rttvar":	598,
					"pmtu":	1500,
					"omitted":	false,
					"sender":	true
				}],
			"sum":	{
				"start":	11.000512,
				"end":	12.000062,
				"seconds":	0.9995499849319458,
				"bytes":	9175040,
				"bits_per_second":	73433366.1212525,
				"retransmits":	32,
				"omitted":	false,
				"sender":	true
			}
		}, {
			"streams":	[{
					"socket":	5,
					"start":	12.000062,
					"end":	13.000353,
					"seconds":	1.0002909898757935,
					"bytes":	6553600,
					"bits_per_second":	52413548.188122846,
					"retransmits":	33,
					"snd_cwnd":	1282928,