{
	"start":	{
		"connected":	[{
				"socket":	5,
				"local_host":	"165.194.35.239",
				"local_port":	38600,
				"remote_host":	"165.194.35.203",
				"remote_port":	5201
			}],
		"version":	"iperf 3.7",
		"system_info":	"Linux jh-nsl-desktop 5.15.0-139-generic #149~20.04.1-Ubuntu SMP Wed Apr 16 08:29:56 UTC 2025 x86_64",
		"timestamp":	{
			"time":	"Wed, 25 Mar 2026 05:28:51 GMT",
			"timesecs":	1774416531
		},
		"connecting_to":	{
			"host":	"165.194.35.203",
			"port":	5201
		},
		"cookie":	"nij2qfybna7hc3ny6vehrsgjvw5nkcbzktxd",
		"tcp_mss_default":	1448,
		"sock_bufsize":	0,
		"sndbuf_actual":	16384,
		"rcvbuf_actual":	131072,
		"test_start":	{
			"protocol":	"TCP",
			"num_streams":	1,
			"blksize":	131072,
			"omit":	0,
			"duration":	30,
			"bytes":	0,
			"blocks":	0,
			"reverse":	1,
			"tos":	0
		}
	},
	"intervals":	[{
			"streams":	[{
					"socket":	5,
					"start":	0,
					"end":	1.000056,
					"seconds":	1.0000560283660889,
					"bytes":	11721560,
					"bits_per_second":	93767226.3755135,
					"omitted":	false,
					"sender":	false
				}],
			"sum":	{
				"start":	0,
				"end":	1.000056,
				"seconds":	1.0000560283660889,
				"bytes":	11721560,
				"bits_per_second":	93767226.3755135,
				"omitted":	false,
				"sender":	false
			}
		}, {
			"streams":	[{
					"socket":	5,
					"start":	1.000056,
					"end":	2.00004,
					"seconds":	0.9999840259552002,
					"bytes":	11665088,
					"bits_per_second":	93322194.732919484,
					"omitted":	false,
					"sender":	false
				}],
			"sum":	{
				"start":	1.000056,
				"end":	2.00004,
				"seconds":	0.9999840259552002,
				"bytes":	11665088,
				"bits_per_second":	93322194.732919484,
				"omitted":	false,
				"sender":	false
			}
		}, {
			"streams":	[{
					"socket":	5,
					"start":	2.00004,
					"end":	3.000057,
					"seconds":	1.0000170469284058,
					"bytes":	11654952,
					"bits_per_second":	93238026.578036234,
					"omitted":	false,
					"sender":	false
				}],
			"sum":	{
				"start":	2.00004,
				"end":	3.000057,
				"seconds":	1.0000170469284058,
				"bytes":	11654952,
				"bits_per_second":	93238026.578036234,
				"omitted":	false,
				"sender":	false
			}
		}, {
			"streams":	[{
					"socket":	5,
					"start":	3.000057,
					"end":	4.000029,
					"seconds":	0.99997198581695557,
					"bytes":	11666536,
					"bits_per_second":	93334902.7010487,
					"omitted":	false,
					"sender":	false
				}],
			"sum":	{
				"start":	3.000057,
				"end":	4.000029,
				"seconds":	0.99997198581695557,
				"bytes":	11666536,
				"bits_per_second":	93334902.7010487,
				"omitted":	false,
				"sender":	false
			}
		}, {
			"streams":	[{
					"socket":	5,
					"start":	4.000029,
					"end":	5.000056,
					"seconds":	1.0000269412994385,
					"bytes":	11653504,
					"bits_per_second":	93225520.383340046,
					"omitted":	false,
					"sender":	false
				}],
			"sum":	{
				"start":	4.000029,
				"end":	5.000056,
				"seconds":	1.0000269412994385,
				"bytes":	11653504,
				"bits_per_second":	93225520.383340046,
				"omitted":	false,
				"sender":	false
			}
		}, {
			"streams":	[{
					"socket":	5,
					"start":	5.000056,
					"end":	6.000023,
					"seconds":	0.99996697902679443,
					"bytes":	11662192,
					"bits_per_second":	93300616.877169967,
					"omitted":	false,
					"sender":	false
				}],
			"sum":	{
				"start":	5.000056,
				"end":	6.000023,
				"seconds":	0.99996697902679443,
				"bytes":	11662192,
				"bits_per_second":	93300616.877169967,
				"omitted":	false,
				"sender":	false
			}
		}, {
			"streams":	[{
					"socket":	5,
					"start":	6.000023,
					"end":	7.000057,
					"seconds":	1.000033974647522,
					"bytes":	11656400,
					"bits_per_second":	93248031.930983022,
					"omitted":	false,
					"sender":	false
				}],
			"sum":	{
				"start":	6.000023,
				"end":	7.000057,
				"seconds":	1.000033974647522,
				"bytes":	11656400,
				"bits_per_second":	93248031.930983022,
				"omitted":	false,
				"sender":	false
			}
		}, {
			"streams":	[{
					"socket":	5,
					"start":	7.000057,
					"end":	8.000056,
					"seconds":	0.99999898672103882,
					"bytes":	11662192,
					"bits_per_second":	93297630.536526144,
					"omitted":	false,
					"sender":	false
				}],
			"sum":	{
				"start":	7.000057,
				"end":	8.000056,
				"seconds":	0.99999898672103882,
				"bytes":	11662192,
				"bits_per_second":	93297630.536526144,
				"omitted":	false,
				"sender":	false
			}
		}, {
			"streams":	[{
					"socket":	5,
					"start":	8.000056,
					"end":	9.000057,
					"seconds":	1.0000009536743164,
					"bytes":	11666536,
					"bits_per_second":	93332198.991478935,
					"omitted":	false,
					"sender":	false
				}],
			"sum":	{
				"start":	8.000056,
				"end":	9.000057,
				"seconds":	1.0000009536743164,
				"bytes":	11666536,
				"bits_per_second":	93332198.991478935,
				"omitted":	false,
				"sender":	false
			}
		}, {
			"streams":	[{
					"socket":	5,
					"start":	9.000057,
					"end":	10.00006,
					"seconds":	1.0000029802322388,
					"bytes":	11660744,
					"bits_per_second":	93285673.987026975,
					"omitted":	false,
					"sender":	false
				}],
			"sum":	{
				"start":	9.000057,
				"end":	10.00006,
				"seconds":	1.0000029802322388,
				"bytes":	11660744,
				"bits_per_second":	93285673.987026975,
				"omitted":	false,
				"sender":	false
			}
		}, {
			"streams":	[{
					"socket":	5,
					"start":	10.00006,
					"end":	11.000084,
					"seconds":	1.0000239610671997,
					"bytes":	11595584,
					"bits_per_second":	92762449.3127184,
					"omitted":	false,
					"sender":	false
				}],
			"sum":	{
				"start":	10.00006,
				"end":	11.000084,
				"seconds":	1.0000239610671997,
				"bytes":	11595584,
				"bits_per_second":	92762449.3127184,
				"omitted":	false,
				"sender":	false
			}
		}, {
			"streams":	[{
					"socket":	5,
					"start":	11.000084,
					"end":	12.000056,
					"seconds":	0.99997198581695557,
					"bytes":	11717216,
					"bits_per_second":	93740354.059437275,
					"omitted":	false,
					"sender":	false
				}],
			"sum":	{
				"start":	11.000084,
				"end":	12.000056,
				"seconds":	0.99997198581695557,
				"bytes":	11717216,
				"bits_per_second":	93740354.059437275,
				"omitted":	false,
				"sender":	false
			}
		}, {
			"streams":	[{
					"socket":	5,
					"start":	12.000056,
					"end":	13.000057,
					"seconds":	1.0000009536743164,
					"bytes":	11660744,
					"bits_per_second":	93285863.035668343,
					"omitted":	false,
					"sender":	false
				}],
			"sum":	{
				"start":	12.000056,
				"end":	13.000057,
				"seconds":	1.0000009536743164,
				"bytes":	11660744,
				"bits_per_second":	93285863.035668343,
				"omitted":	false,
				"sender":	false
			}
		}, {
			"streams":	[{
					"socket":	5,
					"start":	13.000057,
					"end":	14.000037,
					"seconds":	0.99997997283935547,
					"bytes":	11659296,
					"bits_per_second":	93276236.058163851,
					"omitted":	false,
					"sender":	false
				}],
			"sum":	{
				"start":	13.000057,
				"end":	14.000037,
				"seconds":	0.99997997283935547,
				"bytes":	11659296,
				"bits_per_second":	93276236.058163851,
				"omitted":	false,
				"sender":	false
			}
		}, {
			"streams":	[{
					"socket":	5,
					"start":	14.000037,
					"end":	15.000084,
					"seconds":	1.000046968460083,
					"bytes":	11601376,
					"bits_per_second":	92806649.01461032,
					"omitted":	false,
					"sender":	false
				}],
			"sum":	{
				"start":	14.000037,
				"end":	15.000084,
				"seconds":	1.000046968460083,
				"bytes":	11601376,
				"bits_per_second":	92806649.01461032,
				"omitted":	false,
				"sender":	false
			}
		}, {
			"streams":	[{
					"socket":	5,
					"start":	15.000084,
					"end":	16.000038,
					"seconds":	0.9999539852142334,
					"bytes":	11715768,
					"bits_per_second":	93730456.986898065,
					"omitted":	false,
					"sender":	false
				}],
			"sum":	{
				"start":	15.000084,
				"end":	16.000038,
				"seconds":	0.9999539852142334,
				"bytes":	11715768,
				"bits_per_second":	93730456.986898065,
				"omitted":	false,