{
	"start":	{
		"connected":	[{
				"socket":	5,
				"local_host":	"192.168.0.216",
				"local_port":	37764,
				"remote_host":	"165.194.35.203",
				"remote_port":	5201
			}],
		"version":	"iperf 3.7",
		"system_info":	"Linux jh-nsl-desktop 5.15.0-139-generic #149~20.04.1-Ubuntu SMP Wed Apr 16 08:29:56 UTC 2025 x86_64",
		"timestamp":	{
			"time":	"Fri, 27 Mar 2026 07:09:27 GMT",
			"timesecs":	1774595367
		},
		"connecting_to":	{
			"host":	"165.194.35.203",
			"port":	5201
		},
		"cookie":	"acpaml7toxiupdh7kbyj4vot2gskjda4flh7",
		"tcp_mss_default":	1448,
		"sock_bufsize":	0,
		"sndbuf_actual":	16384,
		"rcvbuf_actual":	131072,
		"test_start":	{
			"protocol":	"TCP",
			"num_streams":	1,
			"blksize":	131072,
			"omit":	0,
			"duration":	30,
			"bytes":	0,
			"blocks":	0,
			"reverse":	1,
			"tos":	0
		}
	},
	"intervals":	[{
			"streams":	[{
					"socket":	5,
					"start":	0,
					"end":	1.000068,
					"seconds":	1.0000679492950439,
					"bytes":	11599928,
					"bits_per_second":	92793118.772994444,
					"omitted":	false,
					"sender":	false
				}],
			"sum":	{
				"start":	0,
				"end":	1.000068,
				"seconds":	1.0000679492950439,
				"bytes":	11599928,
				"bits_per_second":	92793118.772994444,
				"omitted":	false,
				"sender":	false
			}
		}, {
			"streams":	[{
					"socket":	5,
					"start":	1.000068,
					"end":	2.000101,
					"seconds":	1.0000330209732056,
					"bytes":	11542008,
					"bits_per_second":	92333015.073983252,
					"omitted":	false,
					"sender":	false
				}],
			"sum":	{
				"start":	1.000068,
				"end":	2.000101,
				"seconds":	1.0000330209732056,
				"bytes":	11542008,
				"bits_per_second":	92333015.073983252,
				"omitted":	false,
				"sender":	false
			}
		}, {
			"streams":	[{
					"socket":	5,
					"start":	2.000101,
					"end":	3.000114,
					"seconds":	1.000012993812561,
					"bytes":	11623096,
					"bits_per_second":	92983559.789052844,
					"omitted":	false,
					"sender":	false
				}],
			"sum":	{
				"start":	2.000101,
				"end":	3.000114,
				"seconds":	1.000012993812561,
				"bytes":	11623096,
				"bits_per_second":	92983559.789052844,
				"omitted":	false,
				"sender":	false
			}
		}, {
			"streams":	[{
					"socket":	5,
					"start":	3.000114,
					"end":	4.000068,
					"seconds":	0.9999539852142334,
					"bytes":	11505808,
					"bits_per_second":	92050699.693226054,
					"omitted":	false,
					"sender":	false
				}],
			"sum":	{
				"start":	3.000114,
				"end":	4.000068,
				"seconds":	0.9999539852142334,
				"bytes":	11505808,
				"bits_per_second":	92050699.693226054,
				"omitted":	false,
				"sender":	false
			}
		}, {
			"streams":	[{
					"socket":	5,
					"start":	4.000068,
					"end":	5.00002,
					"seconds":	0.99995201826095581,
					"bytes":	11424720,
					"bits_per_second":	91402145.633899882,
					"omitted":	false,
					"sender":	false
				}],
			"sum":	{
				"start":	4.000068,
				"end":	5.00002,
				"seconds":	0.99995201826095581,
				"bytes":	11424720,
				"bits_per_second":	91402145.633899882,
				"omitted":	false,
				"sender":	false
			}
		}, {
			"streams":	[{
					"socket":	5,
					"start":	5.00002,
					"end":	6.000142,
					"seconds":	1.0001219511032104,
					"bytes":	11333496,
					"bits_per_second":	90656912.289532632,
					"omitted":	false,
					"sender":	false
				}],
			"sum":	{
				"start":	5.00002,
				"end":	6.000142,
				"seconds":	1.0001219511032104,
				"bytes":	11333496,
				"bits_per_second":	90656912.289532632,
				"omitted":	false,
				"sender":	false
			}
		}, {
			"streams":	[{
					"socket":	5,
					"start":	6.000142,
					"end":	7.000168,
					"seconds":	1.0000259876251221,
					"bytes":	11688256,
					"bits_per_second":	93503618.06302622,
					"omitted":	false,
					"sender":	false
				}],
			"sum":	{
				"start":	6.000142,
				"end":	7.000168,
				"seconds":	1.0000259876251221,
				"bytes":	11688256,
				"bits_per_second":	93503618.06302622,
				"omitted":	false,
				"sender":	false
			}
		}, {
			"streams":	[{
					"socket":	5,
					"start":	7.000168,
					"end":	8.000149,
					"seconds":	0.99998098611831665,
					"bytes":	9691464,
					"bits_per_second":	77533186.206829071,
					"omitted":	false,
					"sender":	false
				}],
			"sum":	{
				"start":	7.000168,
				"end":	8.000149,
				"seconds":	0.99998098611831665,
				"bytes":	9691464,
				"bits_per_second":	77533186.206829071,
				"omitted":	false,
				"sender":	false
			}
		}, {
			"streams":	[{
					"socket":	5,
					"start":	8.000149,
					"end":	9.000104,
					"seconds":	0.99995499849319458,
					"bytes":	7790240,
					"bits_per_second":	62324724.706523024,
					"omitted":	false,
					"sender":	false
				}],
			"sum":	{
				"start":	8.000149,
				"end":	9.000104,
				"seconds":	0.99995499849319458,
				"bytes":	7790240,
				"bits_per_second":	62324724.706523024,
				"omitted":	false,
				"sender":	false
			}
		}, {
			"streams":	[{
					"socket":	5,
					"start":	9.000104,
					"end":	10.000123,
					"seconds":	1.0000189542770386,
					"bytes":	5244656,
					"bits_per_second":	41956452.7457711,
					"omitted":	false,
					"sender":	false
				}],
			"sum":	{
				"start":	9.000104,
				"end":	10.000123,
				"seconds":	1.0000189542770386,
				"bytes":	5244656,
				"bits_per_second":	41956452.7457711,
				"omitted":	false,
				"sender":	false
			}
		}, {
			"streams":	[{
					"socket":	5,
					"start":	10.000123,
					"end":	11.000419,
					"seconds":	1.0002959966659546,
					"bytes":	3847336,
					"bits_per_second":	30769580.306816362,
					"omitted":	false,
					"sender":	false
				}],
			"sum":	{
				"start":	10.000123,
				"end":	11.000419,
				"seconds":	1.0002959966659546,
				"bytes":	3847336,
				"bits_per_second":	30769580.306816362,
				"omitted":	false,
				"sender":	false
			}
		}, {
			"streams":	[{
					"socket":	5,
					"start":	11.000419,
					"end":	12.000344,
					"seconds":	0.99992501735687256,
					"bytes":	6210472,
					"bits_per_second":	49687501.700207882,
					"omitted":	false,
					"sender":	false
				}],
			"sum":	{
				"start":	11.000419,
				"end":	12.000344,
				"seconds":	0.99992501735687256,
				"bytes":	6210472,
				"bits_per_second":	49687501.700207882,
				"omitted":	false,
				"sender":	false
			}
		}, {
			"streams":	[{
					"socket":	5,
					"start":	12.000344,
					"end":	13.000312,
					"seconds":	0.99996799230575562,
					"bytes":	7623720,
					"bits_per_second":	60991712.204075672,
					"omitted":	false,
					"sender":	false
				}],
			"sum":	{
				"start":	12.000344,
				"end":	13.000312,
				"seconds":	0.99996799230575562,
				"bytes":	7623720,
				"bits_per_second":	60991712.204075672,
				"omitted":	false,
				"sender":	false
			}
		}, {
			"streams":	[{
					"socket":	5,
					"start":	13.000312,
					"end":	14.000295,
					"seconds":	0.999983012676239,
					"bytes":	7985720,
					"bits_per_second":	63886845.266524613,
					"omitted":	false,
					"sender":	false
				}],
			"sum":	{
				"start":	13.000312,
				"end":	14.000295,
				"seconds":	0.999983012676239,
				"bytes":	7985720,
				"bits_per_second":	63886845.266524613,
				"omitted":	false,
				"sender":	false
			}
		}, {
			"streams":	[{
					"socket":	5,
					"start":	14.000295,
					"end":	15.00007,
					"seconds":	0.9997749924659729,
					"bytes":	11515944,
					"bits_per_second":	92148286.058610871,
					"omitted":	false,
					"sender":	false
				}],
			"sum":	{
				"start":	14.000295,
				"end":	15.00007,
				"seconds":	0.9997749924659729,
				"bytes":	11515944,
				"bits_per_second":	92148286.058610871,
				"omitted":	false,
				"sender":	false
			}
		}, {
			"streams":	[{
					"socket":	5,
					"start":	15.00007,
					"end":	16.000125,
					"seconds":	1.0000549554824829,
					"bytes":	11692600,
					"bits_per_second":	93535659.702691674,
					"omitted":	false,
					"sender":	false
				}],
			"sum":	{
				"start":	15.00007,
				"end":	16.000125,
				"seconds":	1.0000549554824829,
				"bytes":	11692600,
				"bits_per_second":	93535659.702691674,
				"omitted":	false,