{
	"start":	{
		"connected":	[{
				"socket":	5,
				"local_host":	"192.168.1.150",
				"local_port":	49831,
				"remote_host":	"165.194.35.203",
				"remote_port":	20075
			}],
		"version":	"iperf 3.9",
		"system_info":	"Linux nsl-System-Product-Name 6.8.0-106-generic #106~22.04.1-Ubuntu SMP PREEMPT_DYNAMIC Fri Mar  6 08:44:59 UTC  x86_64",
		"timestamp":	{
			"time":	"Wed, 01 Apr 2026 03:37:13 GMT",
			"timesecs":	1775014633
		},
		"connecting_to":	{
			"host":	"165.194.35.203",
			"port":	20075
		},
		"cookie":	"ethcgzjbjx656ol4v43o3qxbys6eqm3wdiul",
		"tcp_mss_default":	1448,
		"sock_bufsize":	0,
		"sndbuf_actual":	16384,
		"rcvbuf_actual":	131072,
		"test_start":	{
			"protocol":	"TCP",
			"num_streams":	1,
			"blksize":	131072,
			"omit":	0,
			"duration":	30,
			"bytes":	0,
			"blocks":	0,
			"reverse":	1,
			"tos":	0
		}
	},
	"intervals":	[{
			"streams":	[{
					"socket":	5,
					"start":	0,
					"end":	1.016792,
					"seconds":	1.0167920589447021,
					"bytes":	9306112,
					"bits_per_second":	73219391.6593608,
					"omitted":	false,
					"sender":	false
				}],
			"sum":	{
				"start":	0,
				"end":	1.016792,
				"seconds":	1.0167920589447021,
				"bytes":	9306112,
				"bits_per_second":	73219391.6593608,
				"omitted":	false,
				"sender":	false
			}
		}, {
			"streams":	[{
					"socket":	5,
					"start":	1.016792,
					"end":	2.002901,
					"seconds":	0.98610901832580566,
					"bytes":	11665408,
					"bits_per_second":	94637877.015304253,
					"omitted":	false,
					"sender":	false
				}],
			"sum":	{
				"start":	1.016792,
				"end":	2.002901,
				"seconds":	0.98610901832580566,
				"bytes":	11665408,
				"bits_per_second":	94637877.015304253,
				"omitted":	false,
				"sender":	false
			}
		}, {
			"streams":	[{
					"socket":	5,
					"start":	2.002901,
					"end":	3.007676,
					"seconds":	1.0047750473022461,
					"bytes":	11665408,
					"bits_per_second":	92879758.758506924,
					"omitted":	false,
					"sender":	false
				}],
			"sum":	{
				"start":	2.002901,
				"end":	3.007676,
				"seconds":	1.0047750473022461,
				"bytes":	11665408,
				"bits_per_second":	92879758.758506924,
				"omitted":	false,
				"sender":	false
			}
		}, {
			"streams":	[{
					"socket":	5,
					"start":	3.007676,
					"end":	4.002858,
					"seconds":	0.995181977748871,
					"bytes":	11796480,
					"bits_per_second":	94828726.916329131,
					"omitted":	false,
					"sender":	false
				}],
			"sum":	{
				"start":	3.007676,
				"end":	4.002858,
				"seconds":	0.995181977748871,
				"bytes":	11796480,
				"bits_per_second":	94828726.916329131,
				"omitted":	false,
				"sender":	false
			}
		}, {
			"streams":	[{
					"socket":	5,
					"start":	4.002858,
					"end":	5.00939,
					"seconds":	1.0065319538116455,
					"bytes":	11796480,
					"bits_per_second":	93759407.8783315,
					"omitted":	false,
					"sender":	false
				}],
			"sum":	{
				"start":	4.002858,
				"end":	5.00939,
				"seconds":	1.0065319538116455,
				"bytes":	11796480,
				"bits_per_second":	93759407.8783315,
				"omitted":	false,
				"sender":	false
			}
		}, {
			"streams":	[{
					"socket":	5,
					"start":	5.00939,
					"end":	6.003137,
					"seconds":	0.99374699592590332,
					"bytes":	11665408,
					"bits_per_second":	93910486.65565823,
					"omitted":	false,
					"sender":	false
				}],
			"sum":	{
				"start":	5.00939,
				"end":	6.003137,
				"seconds":	0.99374699592590332,
				"bytes":	11665408,
				"bits_per_second":	93910486.65565823,
				"omitted":	false,
				"sender":	false
			}
		}, {
			"streams":	[{
					"socket":	5,
					"start":	6.003137,
					"end":	7.009684,
					"seconds":	1.0065469741821289,
					"bytes":	11796480,
					"bits_per_second":	93758008.737428248,
					"omitted":	false,
					"sender":	false
				}],
			"sum":	{
				"start":	6.003137,
				"end":	7.009684,
				"seconds":	1.0065469741821289,
				"bytes":	11796480,
				"bits_per_second":	93758008.737428248,
				"omitted":	false,
				"sender":	false
			}
		}, {
			"streams":	[{
					"socket":	5,
					"start":	7.009684,
					"end":	8.004654,
					"seconds":	0.99497002363204956,
					"bytes":	11534336,
					"bits_per_second":	92741173.913118973,
					"omitted":	false,
					"sender":	false
				}],
			"sum":	{
				"start":	7.009684,
				"end":	8.004654,
				"seconds":	0.99497002363204956,
				"bytes":	11534336,
				"bits_per_second":	92741173.913118973,
				"omitted":	false,
				"sender":	false
			}
		}, {
			"streams":	[{
					"socket":	5,
					"start":	8.004654,
					"end":	9.009463,
					"seconds":	1.0048090219497681,
					"bytes":	11927552,
					"bits_per_second":	94963733.322022468,
					"omitted":	false,
					"sender":	false
				}],
			"sum":	{
				"start":	8.004654,
				"end":	9.009463,
				"seconds":	1.0048090219497681,
				"bytes":	11927552,
				"bits_per_second":	94963733.322022468,
				"omitted":	false,
				"sender":	false
			}
		}, {
			"streams":	[{
					"socket":	5,
					"start":	9.009463,
					"end":	10.001337,
					"seconds":	0.99187397956848145,
					"bytes":	11665408,
					"bits_per_second":	94087823.5767417,
					"omitted":	false,
					"sender":	false
				}],
			"sum":	{
				"start":	9.009463,
				"end":	10.001337,
				"seconds":	0.99187397956848145,
				"bytes":	11665408,
				"bits_per_second":	94087823.5767417,
				"omitted":	false,
				"sender":	false
			}
		}, {
			"streams":	[{
					"socket":	5,
					"start":	10.001337,
					"end":	11.001259,
					"seconds":	0.999921977519989,
					"bytes":	9699328,
					"bits_per_second":	77600678.5973947,
					"omitted":	false,
					"sender":	false
				}],
			"sum":	{
				"start":	10.001337,
				"end":	11.001259,
				"seconds":	0.999921977519989,
				"bytes":	9699328,
				"bits_per_second":	77600678.5973947,
				"omitted":	false,
				"sender":	false
			}
		}, {
			"streams":	[{
					"socket":	5,
					"start":	11.001259,
					"end":	12.016612,
					"seconds":	1.0153529644012451,
					"bytes":	11796480,
					"bits_per_second":	92944860.8599387,
					"omitted":	false,
					"sender":	false
				}],
			"sum":	{
				"start":	11.001259,
				"end":	12.016612,
				"seconds":	1.0153529644012451,
				"bytes":	11796480,
				"bits_per_second":	92944860.8599387,
				"omitted":	false,
				"sender":	false
			}
		}, {
			"streams":	[{
					"socket":	5,
					"start":	12.016612,
					"end":	13.001413,
					"seconds":	0.98480099439620972,
					"bytes":	11665408,
					"bits_per_second":	94763576.1245523,
					"omitted":	false,
					"sender":	false
				}],
			"sum":	{
				"start":	12.016612,
				"end":	13.001413,
				"seconds":	0.98480099439620972,
				"bytes":	11665408,
				"bits_per_second":	94763576.1245523,
				"omitted":	false,
				"sender":	false
			}
		}, {
			"streams":	[{
					"socket":	5,
					"start":	13.001413,
					"end":	14.00806,
					"seconds":	1.006646990776062,
					"bytes":	11665408,
					"bits_per_second":	92707041.1525828,
					"omitted":	false,
					"sender":	false
				}],
			"sum":	{
				"start":	13.001413,
				"end":	14.00806,
				"seconds":	1.006646990776062,
				"bytes":	11665408,
				"bits_per_second":	92707041.1525828,
				"omitted":	false,
				"sender":	false
			}
		}, {
			"streams":	[{
					"socket":	5,
					"start":	14.00806,
					"end":	15.008383,
					"seconds":	1.0003230571746826,
					"bytes":	11665408,
					"bits_per_second":	93293124.9866245,
					"omitted":	false,
					"sender":	false
				}],
			"sum":	{
				"start":	14.00806,
				"end":	15.008383,
				"seconds":	1.0003230571746826,
				"bytes":	11665408,
				"bits_per_second":	93293124.9866245,
				"omitted":	false,
				"sender":	false
			}
		}, {
			"streams":	[{
					"socket":	5,
					"start":	15.008383,
					"end":	16.003368,
					"seconds":	0.99498498439788818,
					"bytes":	11665408,
					"bits_per_second":	93793640.57084164,
					"omitted":	false,
					"sender":	false
				}],
			"sum":	{
				"start":	15.008383,
				"end":	16.003368,
				"seconds":	0.99498498439788818,
				"bytes":	11665408,
				"bits_per_second":	93793640.57084164,
				"omitted":	false,