{
	"start":	{
		"connected":	[{
				"socket":	5,
				"local_host":	"165.194.35.239",
				"local_port":	58658,
				"remote_host":	"165.194.35.203",
				"remote_port":	5201
			}],
		"version":	"iperf 3.7",
		"system_info":	"Linux jh-nsl-desktop 5.15.0-139-generic #149~20.04.1-Ubuntu SMP Wed Apr 16 08:29:56 UTC 2025 x86_64",
		"timestamp":	{
			"time":	"Thu, 26 Mar 2026 04:10:19 GMT",
			"timesecs":	1774498219
		},
		"connecting_to":	{
			"host":	"165.194.35.203",
			"port":	5201
		},
		"cookie":	"v4452fzxirang6ioi6laxmzpkiiet26epbpj",
		"tcp_mss_default":	1448,
		"sock_bufsize":	0,
		"sndbuf_actual":	16384,
		"rcvbuf_actual":	131072,
		"test_start":	{
			"protocol":	"TCP",
			"num_streams":	1,
			"blksize":	131072,
			"omit":	0,
			"duration":	30,
			"bytes":	0,
			"blocks":	0,
			"reverse":	1,
			"tos":	0
		}
	},
	"intervals":	[{
			"streams":	[{
					"socket":	5,
					"start":	0,
					"end":	1.000061,
					"seconds":	1.00006103515625,
					"bytes":	11712872,
					"bits_per_second":	93697257.173268229,
					"omitted":	false,
					"sender":	false
				}],
			"sum":	{
				"start":	0,
				"end":	1.000061,
				"seconds":	1.00006103515625,
				"bytes":	11712872,
				"bits_per_second":	93697257.173268229,
				"omitted":	false,
				"sender":	false
			}
		}, {
			"streams":	[{
					"socket":	5,
					"start":	1.000061,
					"end":	2.000037,
					"seconds":	0.99997597932815552,
					"bytes":	11667984,
					"bits_per_second":	93346114.236378029,
					"omitted":	false,
					"sender":	false
				}],
			"sum":	{
				"start":	1.000061,
				"end":	2.000037,
				"seconds":	0.99997597932815552,
				"bytes":	11667984,
				"bits_per_second":	93346114.236378029,
				"omitted":	false,
				"sender":	false
			}
		}, {
			"streams":	[{
					"socket":	5,
					"start":	2.000037,
					"end":	3.000061,
					"seconds":	1.0000239610671997,
					"bytes":	11665088,
					"bits_per_second":	93318467.989917517,
					"omitted":	false,
					"sender":	false
				}],
			"sum":	{
				"start":	2.000037,
				"end":	3.000061,
				"seconds":	1.0000239610671997,
				"bytes":	11665088,
				"bits_per_second":	93318467.989917517,
				"omitted":	false,
				"sender":	false
			}
		}, {
			"streams":	[{
					"socket":	5,
					"start":	3.000061,
					"end":	4.000061,
					"seconds":	1,
					"bytes":	11665088,
					"bits_per_second":	93320704,
					"omitted":	false,
					"sender":	false
				}],
			"sum":	{
				"start":	3.000061,
				"end":	4.000061,
				"seconds":	1,
				"bytes":	11665088,
				"bits_per_second":	93320704,
				"omitted":	false,
				"sender":	false
			}
		}, {
			"streams":	[{
					"socket":	5,
					"start":	4.000061,
					"end":	5.000061,
					"seconds":	1,
					"bytes":	11640472,
					"bits_per_second":	93123776,
					"omitted":	false,
					"sender":	false
				}],
			"sum":	{
				"start":	4.000061,
				"end":	5.000061,
				"seconds":	1,
				"bytes":	11640472,
				"bits_per_second":	93123776,
				"omitted":	false,
				"sender":	false
			}
		}, {
			"streams":	[{
					"socket":	5,
					"start":	5.000061,
					"end":	6.000041,
					"seconds":	0.99997997283935547,
					"bytes":	11667984,
					"bits_per_second":	93345741.4501595,
					"omitted":	false,
					"sender":	false
				}],
			"sum":	{
				"start":	5.000061,
				"end":	6.000041,
				"seconds":	0.99997997283935547,
				"bytes":	11667984,
				"bits_per_second":	93345741.4501595,
				"omitted":	false,
				"sender":	false
			}
		}, {
			"streams":	[{
					"socket":	5,
					"start":	6.000041,
					"end":	7.000018,
					"seconds":	0.9999769926071167,
					"bytes":	11666536,
					"bits_per_second":	93334435.382024378,
					"omitted":	false,
					"sender":	false
				}],
			"sum":	{
				"start":	6.000041,
				"end":	7.000018,
				"seconds":	0.9999769926071167,
				"bytes":	11666536,
				"bits_per_second":	93334435.382024378,
				"omitted":	false,
				"sender":	false
			}
		}, {
			"streams":	[{
					"socket":	5,
					"start":	7.000018,
					"end":	8.000041,
					"seconds":	1.0000230073928833,
					"bytes":	11649160,
					"bits_per_second":	93191135.914922759,
					"omitted":	false,
					"sender":	false
				}],
			"sum":	{
				"start":	7.000018,
				"end":	8.000041,
				"seconds":	1.0000230073928833,
				"bytes":	11649160,
				"bits_per_second":	93191135.914922759,
				"omitted":	false,
				"sender":	false
			}
		}, {
			"streams":	[{
					"socket":	5,
					"start":	8.000041,
					"end":	9.00006,
					"seconds":	1.0000189542770386,
					"bytes":	11654952,
					"bits_per_second":	93237848.743984431,
					"omitted":	false,
					"sender":	false
				}],
			"sum":	{
				"start":	8.000041,
				"end":	9.00006,
				"seconds":	1.0000189542770386,
				"bytes":	11654952,
				"bits_per_second":	93237848.743984431,
				"omitted":	false,
				"sender":	false
			}
		}, {
			"streams":	[{
					"socket":	5,
					"start":	9.00006,
					"end":	10.000061,
					"seconds":	1.0000009536743164,
					"bytes":	11501464,
					"bits_per_second":	92011624.250877142,
					"omitted":	false,
					"sender":	false
				}],
			"sum":	{
				"start":	9.00006,
				"end":	10.000061,
				"seconds":	1.0000009536743164,
				"bytes":	11501464,
				"bits_per_second":	92011624.250877142,
				"omitted":	false,
				"sender":	false
			}
		}, {
			"streams":	[{
					"socket":	5,
					"start":	10.000061,
					"end":	11.000061,
					"seconds":	1,
					"bytes":	10935296,
					"bits_per_second":	87482368,
					"omitted":	false,
					"sender":	false
				}],
			"sum":	{
				"start":	10.000061,
				"end":	11.000061,
				"seconds":	1,
				"bytes":	10935296,
				"bits_per_second":	87482368,
				"omitted":	false,
				"sender":	false
			}
		}, {
			"streams":	[{
					"socket":	5,
					"start":	11.000061,
					"end":	12.00006,
					"seconds":	0.99999898672103882,
					"bytes":	11669432,
					"bits_per_second":	93355550.595215321,
					"omitted":	false,
					"sender":	false
				}],
			"sum":	{
				"start":	11.000061,
				"end":	12.00006,
				"seconds":	0.99999898672103882,
				"bytes":	11669432,
				"bits_per_second":	93355550.595215321,
				"omitted":	false,
				"sender":	false
			}
		}, {
			"streams":	[{
					"socket":	5,
					"start":	12.00006,
					"end":	13.000061,
					"seconds":	1.0000009536743164,
					"bytes":	11660744,
					"bits_per_second":	93285863.035668343,
					"omitted":	false,
					"sender":	false
				}],
			"sum":	{
				"start":	12.00006,
				"end":	13.000061,
				"seconds":	1.0000009536743164,
				"bytes":	11660744,
				"bits_per_second":	93285863.035668343,
				"omitted":	false,
				"sender":	false
			}
		}, {
			"streams":	[{
					"socket":	5,
					"start":	13.000061,
					"end":	14.00006,
					"seconds":	0.99999898672103882,
					"bytes":	11662192,
					"bits_per_second":	93297630.536526144,
					"omitted":	false,
					"sender":	false
				}],
			"sum":	{
				"start":	13.000061,
				"end":	14.00006,
				"seconds":	0.99999898672103882,
				"bytes":	11662192,
				"bits_per_second":	93297630.536526144,
				"omitted":	false,
				"sender":	false
			}
		}, {
			"streams":	[{
					"socket":	5,
					"start":	14.00006,
					"end":	15.000061,
					"seconds":	1.0000009536743164,
					"bytes":	11660744,
					"bits_per_second":	93285863.035668343,
					"omitted":	false,
					"sender":	false
				}],
			"sum":	{
				"start":	14.00006,
				"end":	15.000061,
				"seconds":	1.0000009536743164,
				"bytes":	11660744,
				"bits_per_second":	93285863.035668343,
				"omitted":	false,
				"sender":	false
			}
		}, {
			"streams":	[{
					"socket":	5,
					"start":	15.000061,
					"end":	16.000061,
					"seconds":	1,
					"bytes":	11660744,
					"bits_per_second":	93285952,
					"omitted":	false,
					"sender":	false
				}],
			"sum":	{
				"start":	15.000061,
				"end":	16.000061,
				"seconds":	1,
				"bytes":	11660744,
				"bits_per_second":	93285952,
				"omitted":	false,
				"sender":	false
			}
		}, {
			"streams":	[{
					"socket":	5,
					"start":	16.000061,
					"end":	17.000033,
					"seconds":	0.99997198581695557,
					"bytes":	11657848,
					"bits_per_second":	93265396.753896371,