{
	"start":	{
		"connected":	[{
				"socket":	5,
				"local_host":	"165.194.35.239",
				"local_port":	53754,
				"remote_host":	"165.194.35.203",
				"remote_port":	5201
			}],
		"version":	"iperf 3.7",
		"system_info":	"Linux jh-nsl-desktop 5.15.0-139-generic #149~20.04.1-Ubuntu SMP Wed Apr 16 08:29:56 UTC 2025 x86_64",
		"timestamp":	{
			"time":	"Thu, 26 Mar 2026 04:21:12 GMT",
			"timesecs":	1774498872
		},
		"connecting_to":	{
			"host":	"165.194.35.203",
			"port":	5201
		},
		"cookie":	"lhryvstjcgvtepafem7e4jbxmixlbhuv6htj",
		"tcp_mss_default":	1448,
		"sock_bufsize":	0,
		"sndbuf_actual":	16384,
		"rcvbuf_actual":	131072,
		"test_start":	{
			"protocol":	"TCP",
			"num_streams":	1,
			"blksize":	131072,
			"omit":	0,
			"duration":	30,
			"bytes":	0,
			"blocks":	0,
			"reverse":	0,
			"tos":	0
		}
	},
	"intervals":	[{
			"streams":	[{
					"socket":	5,
					"start":	0,
					"end":	1.000088,
					"seconds":	1.0000879764556885,
					"bytes":	12762672,
					"bits_per_second":	102092394.27299911,
					"retransmits":	2,
					"snd_cwnd":	120184,
					"rtt":	9862,
					"rttvar":	223,
					"pmtu":	1500,
					"omitted":	false,
					"sender":	true
				}],
			"sum":	{
				"start":	0,
				"end":	1.000088,
				"seconds":	1.0000879764556885,
				"bytes":	12762672,
				"bits_per_second":	102092394.27299911,
				"retransmits":	2,
				"omitted":	false,
				"sender":	true
			}
		}, {
			"streams":	[{
					"socket":	5,
					"start":	1.000088,
					"end":	2.000419,
					"seconds":	1.0003310441970825,
					"bytes":	9152808,
					"bits_per_second":	73198232.150010034,
					"retransmits":	3,
					"snd_cwnd":	95568,
					"rtt":	7769,
					"rttvar":	265,
					"pmtu":	1500,
					"omitted":	false,
					"sender":	true
				}],
			"sum":	{
				"start":	1.000088,
				"end":	2.000419,
				"seconds":	1.0003310441970825,
				"bytes":	9152808,
				"bits_per_second":	73198232.150010034,
				"retransmits":	3,
				"omitted":	false,
				"sender":	true
			}
		}, {
			"streams":	[{
					"socket":	5,
					"start":	2.000419,
					"end":	3.000094,
					"seconds":	0.99967497587203979,
					"bytes":	11332048,
					"bits_per_second":	90685859.0922698,
					"retransmits":	15,
					"snd_cwnd":	72400,
					"rtt":	5772,
					"rttvar":	375,
					"pmtu":	1500,
					"omitted":	false,
					"sender":	true
				}],
			"sum":	{
				"start":	2.000419,
				"end":	3.000094,
				"seconds":	0.99967497587203979,
				"bytes":	11332048,
				"bits_per_second":	90685859.0922698,
				"retransmits":	15,
				"omitted":	false,
				"sender":	true
			}
		}, {
			"streams":	[{
					"socket":	5,
					"start":	3.000094,
					"end":	4.000433,
					"seconds":	1.0003390312194824,
					"bytes":	8779224,
					"bits_per_second":	70209988.621937662,
					"retransmits":	2,
					"snd_cwnd":	95568,
					"rtt":	7759,
					"rttvar":	306,
					"pmtu":	1500,
					"omitted":	false,
					"sender":	true
				}],
			"sum":	{
				"start":	3.000094,
				"end":	4.000433,
				"seconds":	1.0003390312194824,
				"bytes":	8779224,
				"bits_per_second":	70209988.621937662,
				"retransmits":	2,
				"omitted":	false,
				"sender":	true
			}
		}, {
			"streams":	[{
					"socket":	5,
					"start":	4.000433,
					"end":	5.000087,
					"seconds":	0.99965399503707886,
					"bytes":	11830160,
					"bits_per_second":	94674037.686899453,
					"retransmits":	13,
					"snd_cwnd":	102808,
					"rtt":	8358,
					"rttvar":	279,
					"pmtu":	1500,
					"omitted":	false,
					"sender":	true
				}],
			"sum":	{
				"start":	4.000433,
				"end":	5.000087,
				"seconds":	0.99965399503707886,
				"bytes":	11830160,
				"bits_per_second":	94674037.686899453,
				"retransmits":	13,
				"omitted":	false,
				"sender":	true
			}
		}, {
			"streams":	[{
					"socket":	5,
					"start":	5.000087,
					"end":	6.00011,
					"seconds":	1.0000230073928833,
					"bytes":	11456576,
					"bits_per_second":	91650499.360953256,
					"retransmits":	6,
					"snd_cwnd":	91224,
					"rtt":	7414,
					"rttvar":	243,
					"pmtu":	1500,
					"omitted":	false,
					"sender":	true
				}],
			"sum":	{
				"start":	5.000087,
				"end":	6.00011,
				"seconds":	1.0000230073928833,
				"bytes":	11456576,
				"bits_per_second":	91650499.360953256,
				"retransmits":	6,
				"omitted":	false,
				"sender":	true
			}
		}, {
			"streams":	[{
					"socket":	5,
					"start":	6.00011,
					"end":	7.000083,
					"seconds":	0.99997299909591675,
					"bytes":	11767896,
					"bits_per_second":	94145710.019286081,
					"retransmits":	1,
					"snd_cwnd":	128872,
					"rtt":	10698,
					"rttvar":	308,
					"pmtu":	1500,
					"omitted":	false,
					"sender":	true
				}],
			"sum":	{
				"start":	6.00011,
				"end":	7.000083,
				"seconds":	0.99997299909591675,
				"bytes":	11767896,
				"bits_per_second":	94145710.019286081,
				"retransmits":	1,
				"omitted":	false,
				"sender":	true
			}
		}, {
			"streams":	[{
					"socket":	5,
					"start":	7.000083,
					"end":	8.000089,
					"seconds":	1.0000059604644775,
					"bytes":	11332048,
					"bits_per_second":	90655843.649064243,
					"retransmits":	10,
					"snd_cwnd":	94120,
					"rtt":	7700,
					"rttvar":	257,
					"pmtu":	1500,
					"omitted":	false,
					"sender":	true
				}],
			"sum":	{
				"start":	7.000083,
				"end":	8.000089,
				"seconds":	1.0000059604644775,
				"bytes":	11332048,
				"bits_per_second":	90655843.649064243,
				"retransmits":	10,
				"omitted":	false,
				"sender":	true
			}
		}, {
			"streams":	[{
					"socket":	5,
					"start":	8.000089,
					"end":	9.000089,
					"seconds":	1,
					"bytes":	11892424,
					"bits_per_second":	95139392,
					"retransmits":	1,
					"snd_cwnd":	131768,
					"rtt":	10926,
					"rttvar":	239,
					"pmtu":	1500,
					"omitted":	false,
					"sender":	true
				}],
			"sum":	{
				"start":	8.000089,
				"end":	9.000089,
				"seconds":	1,
				"bytes":	11892424,
				"bits_per_second":	95139392,
				"retransmits":	1,
				"omitted":	false,
				"sender":	true
			}
		}, {
			"streams":	[{
					"socket":	5,
					"start":	9.000089,
					"end":	10.000089,
					"seconds":	1,
					"bytes":	11332048,
					"bits_per_second":	90656384,
					"retransmits":	8,
					"snd_cwnd":	95568,
					"rtt":	7699,
					"rttvar":	227,
					"pmtu":	1500,
					"omitted":	false,
					"sender":	true
				}],
			"sum":	{
				"start":	9.000089,
				"end":	10.000089,
				"seconds":	1,
				"bytes":	11332048,
				"bits_per_second":	90656384,
				"retransmits":	8,
				"omitted":	false,
				"sender":	true
			}
		}, {
			"streams":	[{
					"socket":	5,
					"start":	10.000089,
					"end":	11.000088,
					"seconds":	0.99999898672103882,
					"bytes":	11767896,
					"bits_per_second":	94143263.393388137,
					"retransmits":	1,
					"snd_cwnd":	133216,
					"rtt":	10709,
					"rttvar":	225,
					"pmtu":	1500,
					"omitted":	false,
					"sender":	true
				}],
			"sum":	{
				"start":	10.000089,
				"end":	11.000088,
				"seconds":	0.99999898672103882,
				"bytes":	11767896,
				"bits_per_second":	94143263.393388137,
				"retransmits":	1,
				"omitted":	false,
				"sender":	true
			}
		}, {
			"streams":	[{
					"socket":	5,
					"start":	11.000088,
					"end":	12.000092,
					"seconds":	1.0000040531158447,
					"bytes":	11767896,
					"bits_per_second":	94142786.428380653,
					"retransmits":	10,
					"snd_cwnd":	97016,
					"rtt":	7502,
					"rttvar":	283,
					"pmtu":	1500,
					"omitted":	false,
					"sender":	true
				}],
			"sum":	{
				"start":	11.000088,
				"end":	12.000092,
				"seconds":	1.0000040531158447,
				"bytes":	11767896,
				"bits_per_second":	94142786.428380653,
				"retransmits":	10,
				"omitted":	false,
				"sender":	true
			}
		}, {
			"streams":	[{
					"socket":	5,
					"start":	12.000092,
					"end":	13.000116,
					"seconds":	1.0000239610671997,
					"bytes":	11767896,
					"bits_per_second":	94140912.283274531,
					"retransmits":	3,
					"snd_cwnd":	95568,
					"rtt":	8012,
					"rttvar":	256,
					"pmtu":	1500,
					"omitted":	false,
					"sender":	true
				}],
			"sum":	{
				"start":	12.000092,