{
	"start":	{
		"connected":	[{
				"socket":	5,
				"local_host":	"192.168.1.150",
				"local_port":	40433,
				"remote_host":	"165.194.35.203",
				"remote_port":	20075
			}],
		"version":	"iperf 3.9",
		"system_info":	"Linux nsl-System-Product-Name 6.8.0-106-generic #106~22.04.1-Ubuntu SMP PREEMPT_DYNAMIC Fri Mar  6 08:44:59 UTC  x86_64",
		"timestamp":	{
			"time":	"Tue, 07 Apr 2026 03:50:01 GMT",
			"timesecs":	1775533801
		},
		"connecting_to":	{
			"host":	"165.194.35.203",
			"port":	20075
		},
		"cookie":	"pntg2xsb2w4omlgpzmpku2yko6rgb64iihge",
		"sock_bufsize":	0,
		"sndbuf_actual":	212992,
		"rcvbuf_actual":	212992,
		"test_start":	{
			"protocol":	"UDP",
			"num_streams":	1,
			"blksize":	1448,
			"omit":	0,
			"duration":	30,
			"bytes":	0,
			"blocks":	0,
			"reverse":	0,
			"tos":	0
		}
	},
	"intervals":	[{
			"streams":	[{
					"socket":	5,
					"start":	0,
					"end":	1.000041,
					"seconds":	1.0000410079956055,
					"bytes":	12489000,
					"bits_per_second":	99907902.977153763,
					"packets":	8625,
					"omitted":	false,
					"sender":	true
				}],
			"sum":	{
				"start":	0,
				"end":	1.000041,
				"seconds":	1.0000410079956055,
				"bytes":	12489000,
				"bits_per_second":	99907902.977153763,
				"packets":	8625,
				"omitted":	false,
				"sender":	true
			}
		}, {
			"streams":	[{
					"socket":	5,
					"start":	1.000041,
					"end":	2.000055,
					"seconds":	1.0000139474868774,
					"bytes":	12500584,
					"bits_per_second":	100003277.20560348,
					"packets":	8633,
					"omitted":	false,
					"sender":	true
				}],
			"sum":	{
				"start":	1.000041,
				"end":	2.000055,
				"seconds":	1.0000139474868774,
				"bytes":	12500584,
				"bits_per_second":	100003277.20560348,
				"packets":	8633,
				"omitted":	false,
				"sender":	true
			}
		}, {
			"streams":	[{
					"socket":	5,
					"start":	2.000055,
					"end":	3.000055,
					"seconds":	1,
					"bytes":	12500584,
					"bits_per_second":	100004672,
					"packets":	8633,
					"omitted":	false,
					"sender":	true
				}],
			"sum":	{
				"start":	2.000055,
				"end":	3.000055,
				"seconds":	1,
				"bytes":	12500584,
				"bits_per_second":	100004672,
				"packets":	8633,
				"omitted":	false,
				"sender":	true
			}
		}, {
			"streams":	[{
					"socket":	5,
					"start":	3.000055,
					"end":	4.000055,
					"seconds":	1,
					"bytes":	12499136,
					"bits_per_second":	99993088,
					"packets":	8632,
					"omitted":	false,
					"sender":	true
				}],
			"sum":	{
				"start":	3.000055,
				"end":	4.000055,
				"seconds":	1,
				"bytes":	12499136,
				"bits_per_second":	99993088,
				"packets":	8632,
				"omitted":	false,
				"sender":	true
			}
		}, {
			"streams":	[{
					"socket":	5,
					"start":	4.000055,
					"end":	5.000055,
					"seconds":	1,
					"bytes":	12500584,
					"bits_per_second":	100004672,
					"packets":	8633,
					"omitted":	false,
					"sender":	true
				}],
			"sum":	{
				"start":	4.000055,
				"end":	5.000055,
				"seconds":	1,
				"bytes":	12500584,
				"bits_per_second":	100004672,
				"packets":	8633,
				"omitted":	false,
				"sender":	true
			}
		}, {
			"streams":	[{
					"socket":	5,
					"start":	5.000055,
					"end":	6.000056,
					"seconds":	1.0000009536743164,
					"bytes":	12499136,
					"bits_per_second":	99992992.6392511,
					"packets":	8632,
					"omitted":	false,
					"sender":	true
				}],
			"sum":	{
				"start":	5.000055,
				"end":	6.000056,
				"seconds":	1.0000009536743164,
				"bytes":	12499136,
				"bits_per_second":	99992992.6392511,
				"packets":	8632,
				"omitted":	false,
				"sender":	true
			}
		}, {
			"streams":	[{
					"socket":	5,
					"start":	6.000056,
					"end":	7.000056,
					"seconds":	1,
					"bytes":	12500584,
					"bits_per_second":	100004672,
					"packets":	8633,
					"omitted":	false,
					"sender":	true
				}],
			"sum":	{
				"start":	6.000056,
				"end":	7.000056,
				"seconds":	1,
				"bytes":	12500584,
				"bits_per_second":	100004672,
				"packets":	8633,
				"omitted":	false,
				"sender":	true
			}
		}, {
			"streams":	[{
					"socket":	5,
					"start":	7.000056,
					"end":	8.000055,
					"seconds":	0.99999898672103882,
					"bytes":	12500584,
					"bits_per_second":	100004773.33273284,
					"packets":	8633,
					"omitted":	false,
					"sender":	true
				}],
			"sum":	{
				"start":	7.000056,
				"end":	8.000055,
				"seconds":	0.99999898672103882,
				"bytes":	12500584,
				"bits_per_second":	100004773.33273284,
				"packets":	8633,
				"omitted":	false,
				"sender":	true
			}
		}, {
			"streams":	[{
					"socket":	5,
					"start":	8.000055,
					"end":	9.000055,
					"seconds":	1,
					"bytes":	12499136,
					"bits_per_second":	99993088,
					"packets":	8632,
					"omitted":	false,
					"sender":	true
				}],
			"sum":	{
				"start":	8.000055,
				"end":	9.000055,
				"seconds":	1,
				"bytes":	12499136,
				"bits_per_second":	99993088,
				"packets":	8632,
				"omitted":	false,
				"sender":	true
			}
		}, {
			"streams":	[{
					"socket":	5,
					"start":	9.000055,
					"end":	10.000056,
					"seconds":	1.0000009536743164,
					"bytes":	12500584,
					"bits_per_second":	100004576.62820375,
					"packets":	8633,
					"omitted":	false,
					"sender":	true
				}],
			"sum":	{
				"start":	9.000055,
				"end":	10.000056,
				"seconds":	1.0000009536743164,
				"bytes":	12500584,
				"bits_per_second":	100004576.62820375,
				"packets":	8633,
				"omitted":	false,
				"sender":	true
			}
		}, {
			"streams":	[{
					"socket":	5,
					"start":	10.000056,
					"end":	11.000054,
					"seconds":	0.99999797344207764,
					"bytes":	12499136,
					"bits_per_second":	99993290.642195329,
					"packets":	8632,
					"omitted":	false,
					"sender":	true
				}],
			"sum":	{
				"start":	10.000056,
				"end":	11.000054,
				"seconds":	0.99999797344207764,
				"bytes":	12499136,
				"bits_per_second":	99993290.642195329,
				"packets":	8632,
				"omitted":	false,
				"sender":	true
			}
		}, {
			"streams":	[{
					"socket":	5,
					"start":	11.000054,
					"end":	12.000059,
					"seconds":	1.0000050067901611,
					"bytes":	12500584,
					"bits_per_second":	100004171.30009906,
					"packets":	8633,
					"omitted":	false,
					"sender":	true
				}],
			"sum":	{
				"start":	11.000054,
				"end":	12.000059,
				"seconds":	1.0000050067901611,
				"bytes":	12500584,
				"bits_per_second":	100004171.30009906,
				"packets":	8633,
				"omitted":	false,
				"sender":	true
			}
		}, {
			"streams":	[{
					"socket":	5,
					"start":	12.000059,
					"end":	13.000087,
					"seconds":	1.0000280141830444,
					"bytes":	12500584,
					"bits_per_second":	100001870.52929421,
					"packets":	8633,
					"omitted":	false,
					"sender":	true
				}],
			"sum":	{
				"start":	12.000059,
				"end":	13.000087,
				"seconds":	1.0000280141830444,
				"bytes":	12500584,
				"bits_per_second":	100001870.52929421,
				"packets":	8633,
				"omitted":	false,
				"sender":	true
			}
		}, {
			"streams":	[{
					"socket":	5,
					"start":	13.000087,
					"end":	14.000054,
					"seconds":	0.99996697902679443,
					"bytes":	12499136,
					"bits_per_second":	99996389.978114128,
					"packets":	8632,
					"omitted":	false,
					"sender":	true
				}],
			"sum":	{
				"start":	13.000087,
				"end":	14.000054,
				"seconds":	0.99996697902679443,
				"bytes":	12499136,
				"bits_per_second":	99996389.978114128,
				"packets":	8632,
				"omitted":	false,
				"sender":	true
			}
		}, {
			"streams":	[{
					"socket":	5,
					"start":	14.000054,
					"end":	15.000055,
					"seconds":	1.0000009536743164,
					"bytes":	12500584,
					"bits_per_second":	100004576.62820375,
					"packets":	8633,
					"omitted":	false,
					"sender":	true
				}],
			"sum":	{
				"start":	14.000054,
				"end":	15.000055,
				"seconds":	1.0000009536743164,
				"bytes":	12500584,
				"bits_per_second":	100004576.62820375,
				"packets":	8633,
				"omitted":	false,
				"sender":	true
			}
		}, {
			"streams":	[{
					"socket":	5,
					"start":	15.000055,
					"end":	16.000056,