chunk_idx,start_epoch,end_epoch,duration_seconds,json_file,stderr_file
1,1775894058.189100636,1775894118.736141460,60,iperf_chunk1.json,iperf_chunk1.stderr.log
2,1775894123.738944462,1775894184.314260694,60,iperf_chunk2.json,iperf_chunk2.stderr.log
3,1775894189.316968955,1775894249.827896737,60,iperf_chunk3.json,iperf_chunk3.stderr.log
4,1775894254.830935999,1775894315.419635428,60,iperf_chunk4.json,iperf_chunk4.stderr.log
5,1775894320.423648913,1775894381.098800749,60,iperf_chunk5.json,iperf_chunk5.stderr.log
